generation,gene_id,reward,distance,control_cost,submission_flag,runtime_min,status,job_id,source_log,is_valid,failure_kind
0,xXxId5nz3FpBVdn4ZsE02D4LmzI,581.6039762629899,39.16706832485686,0.20173739023414675,True,129,completed,4446806,slurm-4442153.out,True,valid
0,xXxQwHv7gZTLcx6Eb1q3QNtqBam,508.29657099026133,42.545683880070165,0.3426171066111419,True,129,completed,4446807,slurm-4442153.out,True,valid
0,xXxrcZAPBdKUK7rNwB06YvCEVpY,-inf,-inf,inf,True,129,completed,4446808,slurm-4442153.out,False,runtime_invalid
0,xXx797M4RgISMSxNqy7LM9JwUxs,-999999.0,0.0,inf,True,129,completed,4446809,slurm-4442153.out,False,runtime_invalid
0,xXx6mioxfeeksxKYvciqlrX9iot,641.8221833020395,47.949407011503105,0.3171659569280222,True,129,completed,4446810,slurm-4442153.out,True,valid
0,xXxwx05b80MJ1Xj6UC7Mk75AL9u,875.4550553138743,58.97035768066489,0.3039520982994232,True,129,completed,4446811,slurm-4442153.out,True,valid
0,xXx103IkfgahlyLZ6ch91zhYWld,734.9221364155458,51.699138345142934,0.299060630487313,True,129,completed,4446812,slurm-4442153.out,True,valid
0,xXx4tEn4S6dlJJGTQTeIJdmePGV,-999999.0,0.0,inf,True,129,completed,4446813,slurm-4442153.out,False,runtime_invalid
0,xXx5ZdaQnixgV8tmHBI2RmbRuHz,-inf,-inf,inf,True,129,completed,4446814,slurm-4442153.out,False,runtime_invalid
0,xXxpgOkHyri2acmK6bVfXnK82dw,-inf,-inf,inf,True,129,completed,4446815,slurm-4442153.out,False,runtime_invalid
0,xXxKnip6SV70aYnB23OVFRBINtT,714.3095293450226,48.0244674496309,0.24617981964759528,True,129,completed,4446816,slurm-4442153.out,True,valid
0,xXxeAlUMVM9e9r6AnGWboVQmA2l,314.87980462555754,26.928223168463614,0.22368465874371468,True,129,completed,4446817,slurm-4442153.out,True,valid
0,xXxKlNrsxtLhnrjz4a1wgNgfZsp,-999999.0,0.0,inf,True,129,completed,4446818,slurm-4442153.out,False,runtime_invalid
0,xXxR7867SpoQTCjUEdEL5QeaiDu,-inf,-inf,inf,True,129,completed,4446819,slurm-4442153.out,False,runtime_invalid
0,xXxbHBUN82Gsj1zqYyJZGAc0JP7,-inf,-inf,inf,True,129,completed,4446820,slurm-4442153.out,False,runtime_invalid
0,xXxjOH38bl0QwZU7tCi3JJAEICx,755.0856824254148,49.81807452407897,0.24127580805616455,True,129,completed,4446821,slurm-4442153.out,True,valid
0,xXx2n3jlGz2IixL6A5aDv9i3CNF,489.03977383418913,35.56462903134848,0.22225280679278075,True,129,completed,4446822,slurm-4442153.out,True,valid
0,xXxH01J6RjRxSB8U9Aib8Si23FE,793.4123452665973,56.74360568514438,0.34145976843629033,True,129,completed,4446823,slurm-4442153.out,True,valid
0,xXxOGZaRYSNgP3iWgAIT4m1VKAg,-inf,-inf,inf,True,129,completed,4446824,slurm-4442153.out,False,runtime_invalid
0,xXxP0IuMcGcMNLah55pVAM5H2Ny,-inf,-inf,inf,True,129,completed,4446825,slurm-4442153.out,False,runtime_invalid
0,xXxbzpDVVRL47EKjyCakb9iQTE4,816.2910888036918,54.808982294477595,0.27988855708586047,True,129,completed,4446826,slurm-4442153.out,True,valid
0,xXxOFn163liaCS6Olr2igz6mCwM,806.6892794381989,57.549351779931115,0.34429775616042313,True,129,completed,4446827,slurm-4442153.out,True,valid
0,xXxSZXlXC5hwjunbkyoLmFjytz8,-inf,-inf,inf,True,129,completed,4446828,slurm-4442153.out,False,runtime_invalid
0,xXxhKgZGexBURV23mymu0EBWjSE,-inf,-inf,inf,True,129,completed,4446829,slurm-4442153.out,False,runtime_invalid
0,xXxumDpYgW4cC73ze0fCylgtLID,-inf,-inf,inf,True,129,completed,4446830,slurm-4442153.out,False,runtime_invalid
0,xXx3uIfqLhkXz8J2olC93SrxuRT,744.9599605427755,51.297622341423654,0.28099248628569773,True,129,completed,4446831,slurm-4442153.out,True,valid
0,xXxHurzsipJv7i0Ab5wIQ0UlBP8,347.91904479732216,34.57445117876,0.343569978777878,True,129,completed,4446832,slurm-4442153.out,True,valid
0,xXxU1MsIwNThhVfGR2VrhrXzSRV,-inf,-inf,inf,True,129,completed,4446833,slurm-4442153.out,False,runtime_invalid
0,xXx5pbJRb9CO3YpDaLOZRBYXl2M,-999999.0,0.0,inf,True,129,completed,4446834,slurm-4442153.out,False,runtime_invalid
0,xXxuiDlOZr4speLuTrTmtUPmczM,-999999.0,0.0,inf,True,129,completed,4446835,slurm-4442153.out,False,runtime_invalid
0,xXxu1l3UFhXIFGe069xovWnfhbD,-inf,-inf,inf,True,129,completed,4446836,slurm-4442153.out,False,runtime_invalid
0,xXxZtCGdKRfQjwTYLUqOfGZVfcH,590.5885772976196,45.51313173069205,0.3196740573162213,True,129,completed,4446837,slurm-4442153.out,True,valid
1,xXxm2cnePjgpXJC5L1ocWifnniB,-inf,-inf,inf,True,47,completed,4448185,slurm-4442153.out,False,runtime_invalid
1,xXxAzXGc4vsRMAngOFBSsbTryGB,-inf,-inf,inf,True,47,completed,4448186,slurm-4442153.out,False,runtime_invalid
1,xXxId5nz3FpBVdn4ZsE02D4LmzI,581.6039762629899,39.16706832485686,0.20173739023414675,True,176,completed,4446806,slurm-4442153.out,True,valid
1,xXxMvyMZ0PxVUH0isB5aUbM6gyg,-inf,-inf,inf,True,37,completed,4448191,slurm-4442153.out,False,runtime_invalid
1,xXxOPz8i0bnhR5pEgNmAMk96hHE,473.46914810883953,33.23351733846526,0.1912011986604659,True,37,completed,4448192,slurm-4442153.out,True,valid
1,xXxP2bjiH4q1Orm14PecY6AapjP,-921.7228254112708,-17.82022679673189,0.5653182894766331,True,37,completed,4448193,slurm-4442153.out,True,valid
1,xXxYKVwGxqELLCHjbCillSpYw8u,670.2034098898396,44.89287273443004,0.22765404479876156,True,37,completed,4448194,slurm-4442153.out,True,valid
1,xXxjD1Zg6vuwWz5FnM2d7usgGMB,-inf,-inf,inf,True,37,completed,4448195,slurm-4442153.out,False,runtime_invalid
1,xXxmhdCImGXbbuol8Np4PYhmySj,890.1848036837931,62.65673348043663,0.3629498659249395,True,37,completed,4448196,slurm-4442153.out,True,valid
1,xXxd53c8E3VTkhG4X4NmrlegxNv,-inf,-inf,inf,True,37,completed,4448197,slurm-4442153.out,False,runtime_invalid
1,xXxYxS91ZdUVbrJkeS3Pd1t7sKN,855.9600806305774,54.74256183202207,0.23889115600986405,True,37,completed,4448198,slurm-4442153.out,True,valid
1,xXxXCCXlRzX3U0vLvev7KupFFrq,-inf,-inf,inf,True,37,completed,4448199,slurm-4442153.out,False,runtime_invalid
1,xXxbNt0DHYYozIGdJoS1aSan8OQ,-999999.0,0.0,inf,True,37,completed,4448200,slurm-4442153.out,False,runtime_invalid
1,xXxFnBvBJocNGWDxNd9VCIgPMDx,-999999.0,0.0,inf,True,37,completed,4448201,slurm-4442153.out,False,runtime_invalid
1,xXxbTCb1WjybPU8jqMqEQOlCfrj,674.1092019044015,47.62366514544077,0.2783641010044143,True,37,completed,4448202,slurm-4442153.out,True,valid
1,xXxIHbIYsXoC484AQCQHtUpdcoE,-425.10537668076677,4.929538574897994,0.5236961481787265,True,37,completed,4448203,slurm-4442153.out,True,valid
1,xXxfXaEs9uGr1yTZZp6zj5PX7A6,-inf,-inf,inf,True,37,completed,4448204,slurm-4442153.out,False,runtime_invalid
1,xXxbzpDVVRL47EKjyCakb9iQTE4,816.2910888036918,54.808982294477595,0.27988855708586047,True,176,completed,4446826,slurm-4442153.out,True,valid
1,xXxTLhRThCcTAVzBOwaR81wDmV8,831.6628737034798,62.042995993466185,0.40919704616584357,True,37,completed,4448205,slurm-4442153.out,True,valid
1,xXxH01J6RjRxSB8U9Aib8Si23FE,793.4123452665973,56.74360568514438,0.34145976843629033,True,176,completed,4446823,slurm-4442153.out,True,valid
1,xXxwx05b80MJ1Xj6UC7Mk75AL9u,875.4550553138743,58.97035768066489,0.3039520982994232,True,176,completed,4446811,slurm-4442153.out,True,valid
1,xXxjOH38bl0QwZU7tCi3JJAEICx,755.0856824254148,49.81807452407897,0.24127580805616455,True,176,completed,4446821,slurm-4442153.out,True,valid
1,xXx2n3jlGz2IixL6A5aDv9i3CNF,489.03977383418913,35.56462903134848,0.22225280679278075,True,176,completed,4446822,slurm-4442153.out,True,valid
1,xXxKnip6SV70aYnB23OVFRBINtT,714.3095293450226,48.0244674496309,0.24617981964759528,True,176,completed,4446816,slurm-4442153.out,True,valid
1,xXx103IkfgahlyLZ6ch91zhYWld,734.9221364155458,51.699138345142934,0.299060630487313,True,176,completed,4446812,slurm-4442153.out,True,valid
1,xXxOFn163liaCS6Olr2igz6mCwM,806.6892794381989,57.549351779931115,0.34429775616042313,True,176,completed,4446827,slurm-4442153.out,True,valid
1,xXx3uIfqLhkXz8J2olC93SrxuRT,744.9599605427755,51.297622341423654,0.28099248628569773,True,176,completed,4446831,slurm-4442153.out,True,valid
1,xXxeAlUMVM9e9r6AnGWboVQmA2l,314.87980462555754,26.928223168463614,0.22368465874371468,True,176,completed,4446817,slurm-4442153.out,True,valid
1,xXx6mioxfeeksxKYvciqlrX9iot,641.8221833020395,47.949407011503105,0.3171659569280222,True,176,completed,4446810,slurm-4442153.out,True,valid
1,xXxQwHv7gZTLcx6Eb1q3QNtqBam,508.29657099026133,42.545683880070165,0.3426171066111419,True,176,completed,4446807,slurm-4442153.out,True,valid
1,xXxHurzsipJv7i0Ab5wIQ0UlBP8,347.91904479732216,34.57445117876,0.343569978777878,True,176,completed,4446832,slurm-4442153.out,True,valid
1,xXx797M4RgISMSxNqy7LM9JwUxs,-999999.0,0.0,inf,True,176,completed,4446809,slurm-4442153.out,False,runtime_invalid
1,xXx4tEn4S6dlJJGTQTeIJdmePGV,-999999.0,0.0,inf,True,176,completed,4446813,slurm-4442153.out,False,runtime_invalid
1,xXxKlNrsxtLhnrjz4a1wgNgfZsp,-999999.0,0.0,inf,True,176,completed,4446818,slurm-4442153.out,False,runtime_invalid
1,xXxZtCGdKRfQjwTYLUqOfGZVfcH,590.5885772976196,45.51313173069205,0.3196740573162213,True,176,completed,4446837,slurm-4442153.out,True,valid
1,xXx5pbJRb9CO3YpDaLOZRBYXl2M,-999999.0,0.0,inf,True,176,completed,4446834,slurm-4442153.out,False,runtime_invalid
1,xXxuiDlOZr4speLuTrTmtUPmczM,-999999.0,0.0,inf,True,176,completed,4446835,slurm-4442153.out,False,runtime_invalid
2,xXx7zDYrZjU4nC1232kS3tzT2sN,-inf,-inf,inf,True,46,completed,4448784,slurm-4442153.out,False,runtime_invalid
2,xXx8DTToV1cj3vanNDZhpy4QnJ4,-inf,-inf,inf,True,60,completed,4448629,slurm-4442153.out,False,runtime_invalid
2,xXxOFn163liaCS6Olr2igz6mCwM,806.6892794381989,57.549351779931115,0.34429775616042313,True,235,completed,4446827,slurm-4442153.out,True,valid
2,xXxV52HHYsmosKBIBVq5wSJDyhR,-inf,-inf,inf,True,46,completed,4448785,slurm-4442153.out,False,runtime_invalid
2,xXxbzpDVVRL47EKjyCakb9iQTE4,816.2910888036918,54.808982294477595,0.27988855708586047,True,235,completed,4446826,slurm-4442153.out,True,valid
2,xXxdTh5sAwVHQbojymJNU2cQfI8,-inf,-inf,inf,True,46,completed,4448786,slurm-4442153.out,False,runtime_invalid
2,xXxGjj5f0Dv8PUQXWQbGvCV5y09,-inf,-inf,inf,True,46,completed,4448787,slurm-4442153.out,False,runtime_invalid
2,xXx1AXUb93pjzhkQ8SdsADP4KLZ,-inf,-inf,inf,True,46,completed,4448788,slurm-4442153.out,False,runtime_invalid
2,xXx2n3jlGz2IixL6A5aDv9i3CNF,489.03977383418913,35.56462903134848,0.22225280679278075,True,235,completed,4446822,slurm-4442153.out,True,valid
2,xXxHurzsipJv7i0Ab5wIQ0UlBP8,347.91904479732216,34.57445117876,0.343569978777878,True,235,completed,4446832,slurm-4442153.out,True,valid
2,xXx1lL47fnIeNzK15JKHvZfOOoY,-inf,-inf,inf,True,46,completed,4448789,slurm-4442153.out,False,runtime_invalid
2,xXxYxS91ZdUVbrJkeS3Pd1t7sKN,855.9600806305774,54.74256183202207,0.23889115600986405,True,96,completed,4448198,slurm-4442153.out,True,valid
2,xXxMIExmhINmc3yst1RXPYyQP5h,-inf,-inf,inf,True,46,completed,4448790,slurm-4442153.out,False,runtime_invalid
2,xXxKnip6SV70aYnB23OVFRBINtT,714.3095293450226,48.0244674496309,0.24617981964759528,True,235,completed,4446816,slurm-4442153.out,True,valid
2,xXxdOVzBODC1O3cKqdBrd26H5g5,-inf,-inf,inf,True,46,completed,4448791,slurm-4442153.out,False,runtime_invalid
2,xXxPOZu2X5TNVyDBskK4eC6zsUL,-inf,-inf,inf,True,46,completed,4448792,slurm-4442153.out,False,runtime_invalid
2,xXxTOptwmeMbAAUEzIxI2S19XSO,-inf,-inf,inf,True,46,completed,4448793,slurm-4442153.out,False,runtime_invalid
2,xXxkGik6OKEx692HYYl6pGDzO9Q,781.2594662054147,55.1320873773293,0.3213822813411709,True,46,completed,4448794,slurm-4442153.out,True,valid
2,xXxdWrJgEcR3yhHIgkzwkVMoAQV,-inf,-inf,inf,True,46,completed,4448795,slurm-4442153.out,False,runtime_invalid
2,xXx91rqLALErLEv2Kkw2XEtKIJx,-inf,-inf,inf,True,60,completed,4448635,slurm-4442153.out,False,runtime_invalid
2,xXxV6oRkkrzo7KT5q70VVYzFH4e,-inf,-inf,inf,True,46,completed,4448796,slurm-4442153.out,False,runtime_invalid
2,xXxNx6ai7V4xnExzXIr6GQxCm8a,-inf,-inf,inf,True,46,completed,4448797,slurm-4442153.out,False,runtime_invalid
2,xXxPUF7gGNBxKEIEbwzIo4p1xSZ,-999999.0,0.0,inf,True,46,completed,4448798,slurm-4442153.out,False,runtime_invalid
2,xXxaJaTVdZ6OY1HCqdrjgWZHBVE,-999999.0,0.0,inf,True,46,completed,4448799,slurm-4442153.out,False,runtime_invalid
2,xXxkebBC7jzcsHDeZDTeByQm26s,-999999.0,0.0,inf,True,46,completed,4448800,slurm-4442153.out,False,runtime_invalid
2,xXx8XmmXv8A7A5tffJv1kVAOkpt,-inf,-inf,inf,True,46,completed,4448801,slurm-4442153.out,False,runtime_invalid
2,xXx0FcyJ6ModU3Swaav68fMT4Nw,-inf,-inf,inf,True,46,completed,4448802,slurm-4442153.out,False,runtime_invalid
2,xXxszuEKbeI9EC8czoEBRNw8X5D,-inf,-inf,inf,True,46,completed,4448803,slurm-4442153.out,False,runtime_invalid
2,xXxId5nz3FpBVdn4ZsE02D4LmzI,581.6039762629899,39.16706832485686,0.20173739023414675,True,235,completed,4446806,slurm-4442153.out,True,valid
2,xXxOPz8i0bnhR5pEgNmAMk96hHE,473.46914810883953,33.23351733846526,0.1912011986604659,True,96,completed,4448192,slurm-4442153.out,True,valid
2,xXxYKVwGxqELLCHjbCillSpYw8u,670.2034098898396,44.89287273443004,0.22765404479876156,True,96,completed,4448194,slurm-4442153.out,True,valid
2,xXxmhdCImGXbbuol8Np4PYhmySj,890.1848036837931,62.65673348043663,0.3629498659249395,True,96,completed,4448196,slurm-4442153.out,True,valid
2,xXxwx05b80MJ1Xj6UC7Mk75AL9u,875.4550553138743,58.97035768066489,0.3039520982994232,True,235,completed,4446811,slurm-4442153.out,True,valid
2,xXxTLhRThCcTAVzBOwaR81wDmV8,831.6628737034798,62.042995993466185,0.40919704616584357,True,96,completed,4448205,slurm-4442153.out,True,valid
2,xXxH01J6RjRxSB8U9Aib8Si23FE,793.4123452665973,56.74360568514438,0.34145976843629033,True,235,completed,4446823,slurm-4442153.out,True,valid
2,xXxjOH38bl0QwZU7tCi3JJAEICx,755.0856824254148,49.81807452407897,0.24127580805616455,True,235,completed,4446821,slurm-4442153.out,True,valid
2,xXx103IkfgahlyLZ6ch91zhYWld,734.9221364155458,51.699138345142934,0.299060630487313,True,235,completed,4446812,slurm-4442153.out,True,valid
2,xXx3uIfqLhkXz8J2olC93SrxuRT,744.9599605427755,51.297622341423654,0.28099248628569773,True,235,completed,4446831,slurm-4442153.out,True,valid
2,xXxeAlUMVM9e9r6AnGWboVQmA2l,314.87980462555754,26.928223168463614,0.22368465874371468,True,235,completed,4446817,slurm-4442153.out,True,valid
2,xXxbTCb1WjybPU8jqMqEQOlCfrj,674.1092019044015,47.62366514544077,0.2783641010044143,True,96,completed,4448202,slurm-4442153.out,True,valid
2,xXx6mioxfeeksxKYvciqlrX9iot,641.8221833020395,47.949407011503105,0.3171659569280222,True,235,completed,4446810,slurm-4442153.out,True,valid
2,xXxZtCGdKRfQjwTYLUqOfGZVfcH,590.5885772976196,45.51313173069205,0.3196740573162213,True,235,completed,4446837,slurm-4442153.out,True,valid
2,xXxQwHv7gZTLcx6Eb1q3QNtqBam,508.29657099026133,42.545683880070165,0.3426171066111419,True,235,completed,4446807,slurm-4442153.out,True,valid
2,xXxIHbIYsXoC484AQCQHtUpdcoE,-425.10537668076677,4.929538574897994,0.5236961481787265,True,96,completed,4448203,slurm-4442153.out,True,valid
2,xXxFnBvBJocNGWDxNd9VCIgPMDx,-999999.0,0.0,inf,True,96,completed,4448201,slurm-4442153.out,False,runtime_invalid
2,xXxP2bjiH4q1Orm14PecY6AapjP,-921.7228254112708,-17.82022679673189,0.5653182894766331,True,96,completed,4448193,slurm-4442153.out,True,valid
2,xXxbNt0DHYYozIGdJoS1aSan8OQ,-999999.0,0.0,inf,True,96,completed,4448200,slurm-4442153.out,False,runtime_invalid
2,xXx797M4RgISMSxNqy7LM9JwUxs,-999999.0,0.0,inf,True,235,completed,4446809,slurm-4442153.out,False,runtime_invalid
2,xXx4tEn4S6dlJJGTQTeIJdmePGV,-999999.0,0.0,inf,True,235,completed,4446813,slurm-4442153.out,False,runtime_invalid
2,xXxKlNrsxtLhnrjz4a1wgNgfZsp,-999999.0,0.0,inf,True,235,completed,4446818,slurm-4442153.out,False,runtime_invalid
2,xXx5pbJRb9CO3YpDaLOZRBYXl2M,-999999.0,0.0,inf,True,235,completed,4446834,slurm-4442153.out,False,runtime_invalid
2,xXxuiDlOZr4speLuTrTmtUPmczM,-999999.0,0.0,inf,True,235,completed,4446835,slurm-4442153.out,False,runtime_invalid
3,xXxFnBvBJocNGWDxNd9VCIgPMDx,-999999.0,0.0,inf,True,146,completed,4448201,slurm-4442153.out,False,runtime_invalid
3,xXxTLhRThCcTAVzBOwaR81wDmV8,831.6628737034798,62.042995993466185,0.40919704616584357,True,146,completed,4448205,slurm-4442153.out,True,valid
3,xXxgD8dst3rzUjCxmFpz5OxMnAY,-inf,-inf,inf,True,45,completed,4449845,slurm-4442153.out,False,runtime_invalid
3,xXxqpByCDzrNDU3f8DX4tLeNib4,-inf,-inf,inf,True,45,completed,4449846,slurm-4442153.out,False,runtime_invalid
3,xXxWGXffjys3HzieyAGsHydPitK,-inf,-inf,inf,True,45,completed,4449847,slurm-4442153.out,False,runtime_invalid
3,xXxEZDWepLtcGzUDUvWs7eAUzdY,-inf,-inf,inf,True,45,completed,4449848,slurm-4442153.out,False,runtime_invalid
3,xXxjTLvv3Yu0HyDbvbDGG7abG5z,342.17290603716253,32.385348005011835,0.30553405406307427,True,45,completed,4449849,slurm-4442153.out,True,valid
3,xXxneBXzlnSN3Gj9dVXusdLCgeQ,-inf,-inf,inf,True,50,completed,4449601,slurm-4442153.out,False,runtime_invalid
3,xXxkLG5H6gg7rlE4jkdVObbIs07,-inf,-inf,inf,True,45,completed,4449850,slurm-4442153.out,False,runtime_invalid
3,xXx8aTVvo8BVz69KMyqzbfL3fer,-inf,-inf,inf,True,45,completed,4449851,slurm-4442153.out,False,runtime_invalid
3,xXxKnip6SV70aYnB23OVFRBINtT,714.3095293450226,48.0244674496309,0.24617981964759528,True,285,completed,4446816,slurm-4442153.out,True,valid
3,xXxRkHwWFrvV4zTSVC0Ss81JGTK,-999999.0,0.0,inf,True,45,completed,4449852,slurm-4442153.out,False,runtime_invalid
3,xXxkVZHC82WS26JZN9bc8wBaoTW,-inf,-inf,inf,True,45,completed,4449853,slurm-4442153.out,False,runtime_invalid
3,xXxOPz8i0bnhR5pEgNmAMk96hHE,473.46914810883953,33.23351733846526,0.1912011986604659,True,146,completed,4448192,slurm-4442153.out,True,valid
3,xXxSTQDvEaWUdYPKFNzDp06lbyl,-inf,-inf,inf,True,45,completed,4449854,slurm-4442153.out,False,runtime_invalid
3,xXxBGFLUVxJrpujAB1SOVYgCBMT,-inf,-inf,inf,True,45,completed,4449855,slurm-4442153.out,False,runtime_invalid
3,xXx4mtM9H5ANSZ7rBaw1ooDeYpM,743.8022749149366,52.437275355230724,0.3049432321896776,True,45,completed,4449856,slurm-4442153.out,True,valid
3,xXxLKWbQx7lS8clAAUv3SyOLXbt,691.2375137973729,48.00549511594773,0.2688723885215819,True,45,completed,4449857,slurm-4442153.out,True,valid
3,xXxBEklWq0fDM36Nz1EzxUJQFGT,-inf,-inf,inf,True,45,completed,4449858,slurm-4442153.out,False,runtime_invalid
3,xXxrfSbC3Bg1UuWV3OpABZDCV5N,-inf,-inf,inf,True,50,completed,4449607,slurm-4442153.out,False,runtime_invalid
3,xXx2kvUnIzwVl15FvkSnKwj0AS2,708.1869519566842,48.499669973411166,0.2618064475115388,True,45,completed,4449860,slurm-4442153.out,True,valid
3,xXxMnarT0QOPRb4ZjjIa8v0xCwK,-inf,-inf,inf,True,45,completed,4449861,slurm-4442153.out,False,runtime_invalid
3,xXxAl9pHUTa6ku9ZoiZ8dvLiWjz,808.0707417930656,53.134606972668294,0.2546213976603002,True,45,completed,4449862,slurm-4442153.out,True,valid
3,xXx33lyzyag5HvG88IYlgyqSHNo,496.46269043163494,39.54862993670213,0.29450990830240775,True,45,completed,4449863,slurm-4442153.out,True,valid
3,xXx4QuPJ78RLjJVOEheXiy83has,-inf,-inf,inf,True,45,completed,4449864,slurm-4442153.out,False,runtime_invalid
3,xXxpmmKthSRn5g9ZX5xDOaOo6he,-inf,-inf,inf,True,45,completed,4449865,slurm-4442153.out,False,runtime_invalid
3,xXxKizXW8P3L2kuIA6C2lw2zlhA,-inf,-inf,inf,True,45,completed,4449866,slurm-4442153.out,False,runtime_invalid
3,xXxVW81D1Yx1flbwbyolEJgVxHT,-999999.0,0.0,inf,True,45,completed,4449867,slurm-4442153.out,False,runtime_invalid
3,xXxZOLclqbph67QfZCm2hZmgCo6,1453.4010570072965,89.93584676295949,0.3453158782518934,True,45,completed,4449868,slurm-4442153.out,True,valid
3,xXxZNt60sthEwC08zpVkvaq0kun,-999999.0,0.0,inf,True,45,completed,4449869,slurm-4442153.out,False,runtime_invalid
3,xXxPkkKatn5pYm5QdMtJs3hldNV,-inf,-inf,inf,True,45,completed,4449870,slurm-4442153.out,False,runtime_invalid
3,xXxbzpDVVRL47EKjyCakb9iQTE4,816.2910888036918,54.808982294477595,0.27988855708586047,True,285,completed,4446826,slurm-4442153.out,True,valid
3,xXxYxS91ZdUVbrJkeS3Pd1t7sKN,855.9600806305774,54.74256183202207,0.23889115600986405,True,146,completed,4448198,slurm-4442153.out,True,valid
3,xXxId5nz3FpBVdn4ZsE02D4LmzI,581.6039762629899,39.16706832485686,0.20173739023414675,True,285,completed,4446806,slurm-4442153.out,True,valid
3,xXxYKVwGxqELLCHjbCillSpYw8u,670.2034098898396,44.89287273443004,0.22765404479876156,True,146,completed,4448194,slurm-4442153.out,True,valid
3,xXxmhdCImGXbbuol8Np4PYhmySj,890.1848036837931,62.65673348043663,0.3629498659249395,True,146,completed,4448196,slurm-4442153.out,True,valid
3,xXxwx05b80MJ1Xj6UC7Mk75AL9u,875.4550553138743,58.97035768066489,0.3039520982994232,True,285,completed,4446811,slurm-4442153.out,True,valid
3,xXx2n3jlGz2IixL6A5aDv9i3CNF,489.03977383418913,35.56462903134848,0.22225280679278075,True,285,completed,4446822,slurm-4442153.out,True,valid
3,xXxOFn163liaCS6Olr2igz6mCwM,806.6892794381989,57.549351779931115,0.34429775616042313,True,285,completed,4446827,slurm-4442153.out,True,valid
3,xXxkGik6OKEx692HYYl6pGDzO9Q,781.2594662054147,55.1320873773293,0.3213822813411709,True,96,completed,4448794,slurm-4442153.out,True,valid
3,xXxH01J6RjRxSB8U9Aib8Si23FE,793.4123452665973,56.74360568514438,0.34145976843629033,True,285,completed,4446823,slurm-4442153.out,True,valid
3,xXxjOH38bl0QwZU7tCi3JJAEICx,755.0856824254148,49.81807452407897,0.24127580805616455,True,285,completed,4446821,slurm-4442153.out,True,valid
3,xXxbTCb1WjybPU8jqMqEQOlCfrj,674.1092019044015,47.62366514544077,0.2783641010044143,True,146,completed,4448202,slurm-4442153.out,True,valid
3,xXxZtCGdKRfQjwTYLUqOfGZVfcH,590.5885772976196,45.51313173069205,0.3196740573162213,True,285,completed,4446837,slurm-4442153.out,True,valid
3,xXxHurzsipJv7i0Ab5wIQ0UlBP8,347.91904479732216,34.57445117876,0.343569978777878,True,285,completed,4446832,slurm-4442153.out,True,valid
3,xXxPUF7gGNBxKEIEbwzIo4p1xSZ,-999999.0,0.0,inf,True,96,completed,4448798,slurm-4442153.out,False,runtime_invalid
3,xXxaJaTVdZ6OY1HCqdrjgWZHBVE,-999999.0,0.0,inf,True,96,completed,4448799,slurm-4442153.out,False,runtime_invalid
3,xXx103IkfgahlyLZ6ch91zhYWld,734.9221364155458,51.699138345142934,0.299060630487313,True,285,completed,4446812,slurm-4442153.out,True,valid
3,xXx3uIfqLhkXz8J2olC93SrxuRT,744.9599605427755,51.297622341423654,0.28099248628569773,True,285,completed,4446831,slurm-4442153.out,True,valid
3,xXxeAlUMVM9e9r6AnGWboVQmA2l,314.87980462555754,26.928223168463614,0.22368465874371468,True,285,completed,4446817,slurm-4442153.out,True,valid
3,xXx6mioxfeeksxKYvciqlrX9iot,641.8221833020395,47.949407011503105,0.3171659569280222,True,285,completed,4446810,slurm-4442153.out,True,valid
3,xXxQwHv7gZTLcx6Eb1q3QNtqBam,508.29657099026133,42.545683880070165,0.3426171066111419,True,285,completed,4446807,slurm-4442153.out,True,valid
3,xXxIHbIYsXoC484AQCQHtUpdcoE,-425.10537668076677,4.929538574897994,0.5236961481787265,True,146,completed,4448203,slurm-4442153.out,True,valid
3,xXxkebBC7jzcsHDeZDTeByQm26s,-999999.0,0.0,inf,True,96,completed,4448800,slurm-4442153.out,False,runtime_invalid
3,xXxP2bjiH4q1Orm14PecY6AapjP,-921.7228254112708,-17.82022679673189,0.5653182894766331,True,146,completed,4448193,slurm-4442153.out,True,valid
3,xXxbNt0DHYYozIGdJoS1aSan8OQ,-999999.0,0.0,inf,True,146,completed,4448200,slurm-4442153.out,False,runtime_invalid
3,xXx797M4RgISMSxNqy7LM9JwUxs,-999999.0,0.0,inf,True,285,completed,4446809,slurm-4442153.out,False,runtime_invalid
3,xXx4tEn4S6dlJJGTQTeIJdmePGV,-999999.0,0.0,inf,True,285,completed,4446813,slurm-4442153.out,False,runtime_invalid
3,xXxKlNrsxtLhnrjz4a1wgNgfZsp,-999999.0,0.0,inf,True,285,completed,4446818,slurm-4442153.out,False,runtime_invalid
3,xXx5pbJRb9CO3YpDaLOZRBYXl2M,-999999.0,0.0,inf,True,285,completed,4446834,slurm-4442153.out,False,runtime_invalid
3,xXxuiDlOZr4speLuTrTmtUPmczM,-999999.0,0.0,inf,True,285,completed,4446835,slurm-4442153.out,False,runtime_invalid
4,xXxlCUhlOqOzB7WnrllUIrm3lcN,-inf,-inf,inf,True,30,completed,4450679,slurm-4442153.out,False,runtime_invalid
4,xXxGZ9ABl7DbZ1YY4tM2cVdmwDh,-inf,-inf,inf,True,30,completed,4450680,slurm-4442153.out,False,runtime_invalid
4,xXxmhdCImGXbbuol8Np4PYhmySj,890.1848036837931,62.65673348043663,0.3629498659249395,True,177,completed,4448196,slurm-4442153.out,True,valid
4,xXxX6BQsGfAgHrQZ8yYzHnEFFxP,-96.07826319297672,0.8500716745816685,0.11307969668461011,True,21,completed,4450840,slurm-4442153.out,True,valid
4,xXxGh0ctj4yA97b9ZrfvuDl9PeL,-inf,-inf,inf,True,21,completed,4450841,slurm-4442153.out,False,runtime_invalid
4,xXxSBW2cHzVK21CGrail54TW790,-inf,-inf,inf,True,21,completed,4450842,slurm-4442153.out,False,runtime_invalid
4,xXx7sDOtfP7qPbpoApnnKKwJAdD,-999999.0,0.0,inf,True,21,completed,4450843,slurm-4442153.out,False,runtime_invalid
4,xXx0VX0ZxD5i0fT1kQcyKAtQgMJ,-inf,-inf,inf,True,21,completed,4450844,slurm-4442153.out,False,runtime_invalid
4,xXxPCaGkNLu3Hy22O0W2LmtirFk,-inf,-inf,inf,True,21,completed,4450845,slurm-4442153.out,False,runtime_invalid
4,xXxriDerG74A55TlsI5T6WQmWyd,-inf,-inf,inf,True,21,completed,4450846,slurm-4442153.out,False,runtime_invalid
4,xXxfDFsYxfElAh5Vft4KlA7vhD1,-inf,-inf,inf,True,21,completed,4450847,slurm-4442153.out,False,runtime_invalid
4,xXxS8CHITEck0qB3BHak4adR2u4,-inf,-inf,inf,True,21,completed,4450848,slurm-4442153.out,False,runtime_invalid
4,xXx1yQysw6m6FMPIii7krCQF17Z,-inf,-inf,inf,True,21,completed,4450849,slurm-4442153.out,False,runtime_invalid
4,xXx213KcdzT9rZteGeaDK6Zq549,-inf,-inf,inf,True,21,completed,4450850,slurm-4442153.out,False,runtime_invalid
4,xXxcD0NAXUj5Yjbs288kzHZKI2s,-inf,-inf,inf,True,30,completed,4450687,slurm-4442153.out,False,runtime_invalid
4,xXxn40flrWgUx5bRhuJPrKHzjD2,-inf,-inf,inf,True,21,completed,4450851,slurm-4442153.out,False,runtime_invalid
4,xXxQwHv7gZTLcx6Eb1q3QNtqBam,508.29657099026133,42.545683880070165,0.3426171066111419,True,316,completed,4446807,slurm-4442153.out,True,valid
4,xXxKNU9V3UcIdWMqN706iwcwc3e,-596.4586486046336,0.17685273942935997,0.599995703393221,True,21,completed,4450852,slurm-4442153.out,True,valid
4,xXxAXLK1SjURPfxpiDLBcGKj2DH,-inf,-inf,inf,True,21,completed,4450853,slurm-4442153.out,False,runtime_invalid
4,xXxzcr00VMT5wxLF3byo5WsMbPb,-inf,-inf,inf,True,21,completed,4450854,slurm-4442153.out,False,runtime_invalid
4,xXx7gykwjb75yLhIIvpShFGtxrq,-999999.0,0.0,inf,True,21,completed,4450855,slurm-4442153.out,False,runtime_invalid
4,xXxezrblIGYUuWQOZPGedMu4iBO,645.4413361242688,48.110212667047485,0.31676291721668093,True,21,completed,4450856,slurm-4442153.out,True,valid
4,xXxPXQGTHuLKp4VnGNNgEJeSpnD,-999999.0,0.0,inf,True,21,completed,4450857,slurm-4442153.out,False,runtime_invalid
4,xXxmOehTJejn4VUUf8jtRncuPuB,-inf,-inf,inf,True,21,completed,4450858,slurm-4442153.out,False,runtime_invalid
4,xXxxYpT785kNlk86eEswxvoXl86,-999999.0,0.0,inf,True,21,completed,4450859,slurm-4442153.out,False,runtime_invalid
4,xXxN2HG0JtxunmfpDLQBI8LCYoQ,-999999.0,0.0,inf,True,21,completed,4450860,slurm-4442153.out,False,runtime_invalid
4,xXxzqX5fAOTtJOSxurFvuLvAyBN,-inf,-inf,inf,True,21,completed,4450861,slurm-4442153.out,False,runtime_invalid
4,xXxUZLLiltsxIzJGEi4d4nIrlSa,-inf,-inf,inf,True,21,completed,4450862,slurm-4442153.out,False,runtime_invalid
4,xXxcht4bA8v0Ui3BKsFkyRgpq1f,-inf,-inf,inf,True,21,completed,4450863,slurm-4442153.out,False,runtime_invalid
4,xXxGJkHP7yvKnBsCO1NphGjrSfI,-999999.0,0.0,inf,True,21,completed,4450864,slurm-4442153.out,False,runtime_invalid
4,xXxmGq58zXZasNlrxOaL0pgnIbx,-inf,-inf,inf,True,21,completed,4450865,slurm-4442153.out,False,runtime_invalid
4,xXxTbx4yRu5s59uIFe88JLXVWcJ,-inf,-inf,inf,True,21,completed,4450866,slurm-4442153.out,False,runtime_invalid
4,xXxOPz8i0bnhR5pEgNmAMk96hHE,473.46914810883953,33.23351733846526,0.1912011986604659,True,177,completed,4448192,slurm-4442153.out,True,valid
4,xXxZOLclqbph67QfZCm2hZmgCo6,1453.4010570072965,89.93584676295949,0.3453158782518934,True,75,completed,4449868,slurm-4442153.out,True,valid
4,xXxbzpDVVRL47EKjyCakb9iQTE4,816.2910888036918,54.808982294477595,0.27988855708586047,True,316,completed,4446826,slurm-4442153.out,True,valid
4,xXxYxS91ZdUVbrJkeS3Pd1t7sKN,855.9600806305774,54.74256183202207,0.23889115600986405,True,177,completed,4448198,slurm-4442153.out,True,valid
4,xXxId5nz3FpBVdn4ZsE02D4LmzI,581.6039762629899,39.16706832485686,0.20173739023414675,True,316,completed,4446806,slurm-4442153.out,True,valid
4,xXxYKVwGxqELLCHjbCillSpYw8u,670.2034098898396,44.89287273443004,0.22765404479876156,True,177,completed,4448194,slurm-4442153.out,True,valid
4,xXxwx05b80MJ1Xj6UC7Mk75AL9u,875.4550553138743,58.97035768066489,0.3039520982994232,True,316,completed,4446811,slurm-4442153.out,True,valid
4,xXx2n3jlGz2IixL6A5aDv9i3CNF,489.03977383418913,35.56462903134848,0.22225280679278075,True,316,completed,4446822,slurm-4442153.out,True,valid
4,xXxOFn163liaCS6Olr2igz6mCwM,806.6892794381989,57.549351779931115,0.34429775616042313,True,316,completed,4446827,slurm-4442153.out,True,valid
4,xXxkGik6OKEx692HYYl6pGDzO9Q,781.2594662054147,55.1320873773293,0.3213822813411709,True,126,completed,4448794,slurm-4442153.out,True,valid
4,xXxH01J6RjRxSB8U9Aib8Si23FE,793.4123452665973,56.74360568514438,0.34145976843629033,True,316,completed,4446823,slurm-4442153.out,True,valid
4,xXxAl9pHUTa6ku9ZoiZ8dvLiWjz,808.0707417930656,53.134606972668294,0.2546213976603002,True,75,completed,4449862,slurm-4442153.out,True,valid
4,xXxjOH38bl0QwZU7tCi3JJAEICx,755.0856824254148,49.81807452407897,0.24127580805616455,True,316,completed,4446821,slurm-4442153.out,True,valid
4,xXxTLhRThCcTAVzBOwaR81wDmV8,831.6628737034798,62.042995993466185,0.40919704616584357,True,177,completed,4448205,slurm-4442153.out,True,valid
4,xXxeAlUMVM9e9r6AnGWboVQmA2l,314.87980462555754,26.928223168463614,0.22368465874371468,True,316,completed,4446817,slurm-4442153.out,True,valid
4,xXxKnip6SV70aYnB23OVFRBINtT,714.3095293450226,48.0244674496309,0.24617981964759528,True,316,completed,4446816,slurm-4442153.out,True,valid
4,xXx103IkfgahlyLZ6ch91zhYWld,734.9221364155458,51.699138345142934,0.299060630487313,True,316,completed,4446812,slurm-4442153.out,True,valid
4,xXx3uIfqLhkXz8J2olC93SrxuRT,744.9599605427755,51.297622341423654,0.28099248628569773,True,316,completed,4446831,slurm-4442153.out,True,valid
4,xXx2kvUnIzwVl15FvkSnKwj0AS2,708.1869519566842,48.499669973411166,0.2618064475115388,True,75,completed,4449860,slurm-4442153.out,True,valid
4,xXx4mtM9H5ANSZ7rBaw1ooDeYpM,743.8022749149366,52.437275355230724,0.3049432321896776,True,75,completed,4449856,slurm-4442153.out,True,valid
4,xXxLKWbQx7lS8clAAUv3SyOLXbt,691.2375137973729,48.00549511594773,0.2688723885215819,True,75,completed,4449857,slurm-4442153.out,True,valid
4,xXxbTCb1WjybPU8jqMqEQOlCfrj,674.1092019044015,47.62366514544077,0.2783641010044143,True,177,completed,4448202,slurm-4442153.out,True,valid
4,xXx33lyzyag5HvG88IYlgyqSHNo,496.46269043163494,39.54862993670213,0.29450990830240775,True,75,completed,4449863,slurm-4442153.out,True,valid
4,xXx6mioxfeeksxKYvciqlrX9iot,641.8221833020395,47.949407011503105,0.3171659569280222,True,316,completed,4446810,slurm-4442153.out,True,valid
4,xXxZtCGdKRfQjwTYLUqOfGZVfcH,590.5885772976196,45.51313173069205,0.3196740573162213,True,316,completed,4446837,slurm-4442153.out,True,valid
4,xXxjTLvv3Yu0HyDbvbDGG7abG5z,342.17290603716253,32.385348005011835,0.30553405406307427,True,75,completed,4449849,slurm-4442153.out,True,valid
4,xXxHurzsipJv7i0Ab5wIQ0UlBP8,347.91904479732216,34.57445117876,0.343569978777878,True,316,completed,4446832,slurm-4442153.out,True,valid
4,xXxFnBvBJocNGWDxNd9VCIgPMDx,-999999.0,0.0,inf,True,177,completed,4448201,slurm-4442153.out,False,runtime_invalid
4,xXxRkHwWFrvV4zTSVC0Ss81JGTK,-999999.0,0.0,inf,True,75,completed,4449852,slurm-4442153.out,False,runtime_invalid
4,xXxVW81D1Yx1flbwbyolEJgVxHT,-999999.0,0.0,inf,True,75,completed,4449867,slurm-4442153.out,False,runtime_invalid
4,xXxZNt60sthEwC08zpVkvaq0kun,-999999.0,0.0,inf,True,75,completed,4449869,slurm-4442153.out,False,runtime_invalid
4,xXxIHbIYsXoC484AQCQHtUpdcoE,-425.10537668076677,4.929538574897994,0.5236961481787265,True,177,completed,4448203,slurm-4442153.out,True,valid
4,xXxPUF7gGNBxKEIEbwzIo4p1xSZ,-999999.0,0.0,inf,True,126,completed,4448798,slurm-4442153.out,False,runtime_invalid
4,xXxaJaTVdZ6OY1HCqdrjgWZHBVE,-999999.0,0.0,inf,True,126,completed,4448799,slurm-4442153.out,False,runtime_invalid
4,xXxkebBC7jzcsHDeZDTeByQm26s,-999999.0,0.0,inf,True,126,completed,4448800,slurm-4442153.out,False,runtime_invalid
4,xXxP2bjiH4q1Orm14PecY6AapjP,-921.7228254112708,-17.82022679673189,0.5653182894766331,True,177,completed,4448193,slurm-4442153.out,True,valid
4,xXxbNt0DHYYozIGdJoS1aSan8OQ,-999999.0,0.0,inf,True,177,completed,4448200,slurm-4442153.out,False,runtime_invalid
4,xXx797M4RgISMSxNqy7LM9JwUxs,-999999.0,0.0,inf,True,316,completed,4446809,slurm-4442153.out,False,runtime_invalid
4,xXx4tEn4S6dlJJGTQTeIJdmePGV,-999999.0,0.0,inf,True,316,completed,4446813,slurm-4442153.out,False,runtime_invalid
4,xXxKlNrsxtLhnrjz4a1wgNgfZsp,-999999.0,0.0,inf,True,316,completed,4446818,slurm-4442153.out,False,runtime_invalid
4,xXx5pbJRb9CO3YpDaLOZRBYXl2M,-999999.0,0.0,inf,True,316,completed,4446834,slurm-4442153.out,False,runtime_invalid
4,xXxuiDlOZr4speLuTrTmtUPmczM,-999999.0,0.0,inf,True,316,completed,4446835,slurm-4442153.out,False,runtime_invalid
5,xXxYJdTRQTft5Zj2co57hdEYVFD,-inf,-inf,inf,True,29,completed,4451697,slurm-4442153.out,False,runtime_invalid
5,xXxijkfqzf7T9k3N1xk7efgmIyg,-inf,-inf,inf,True,29,completed,4451698,slurm-4442153.out,False,runtime_invalid
5,xXx59Z15hH6xuqI7kYCm4v1NuNc,-999999.0,0.0,inf,True,29,completed,4451699,slurm-4442153.out,False,runtime_invalid
5,xXxnsyGwqNmElPnXn2tcthf0YPZ,-inf,-inf,inf,True,29,completed,4451700,slurm-4442153.out,False,runtime_invalid
5,xXx2kvUnIzwVl15FvkSnKwj0AS2,708.1869519566842,48.499669973411166,0.2618064475115388,True,109,completed,4449860,slurm-4442153.out,True,valid
5,xXxUSUoxFQ8YyQXi8s0JkyhR66L,566.0712670884257,40.02720744819928,0.2344728818755597,True,29,completed,4451701,slurm-4442153.out,True,valid
5,xXxvvpCT6M6yXzSkaCU78JsWSrc,-999999.0,0.0,inf,True,29,completed,4451702,slurm-4442153.out,False,runtime_invalid
5,xXxXeFNXeoqSJa7ccVvsWVZWHC3,-999999.0,0.0,inf,True,29,completed,4451703,slurm-4442153.out,False,runtime_invalid
5,xXxD8NA3fyH7DMh25q5BvgfRDnq,625.8983129878243,43.93763959725478,0.2528544789572712,True,29,completed,4451704,slurm-4442153.out,True,valid
5,xXxivXF6MaXu5dP6fHJLu76BQ7S,371.2552617723107,26.558595944972904,0.15991665712714748,True,29,completed,4451705,slurm-4442153.out,True,valid
5,xXxO2s2T9DOAv4P30rU7qx42yC8,657.3192520158422,45.27569293767707,0.24819460673769936,True,29,completed,4451706,slurm-4442153.out,True,valid
5,xXxpSBStndE8XlK0QjTNHod8U8S,270.0101317025579,22.059812035017398,0.17118610899779013,True,29,completed,4451707,slurm-4442153.out,True,valid
5,xXxQq01kSgKFP7ZBjSsRn5kGKSM,-999999.0,0.0,inf,True,29,completed,4451708,slurm-4442153.out,False,runtime_invalid
5,xXxwx05b80MJ1Xj6UC7Mk75AL9u,875.4550553138743,58.97035768066489,0.3039520982994232,True,349,completed,4446811,slurm-4442153.out,True,valid
5,xXx6mioxfeeksxKYvciqlrX9iot,641.8221833020395,47.949407011503105,0.3171659569280222,True,349,completed,4446810,slurm-4442153.out,True,valid
5,xXxZIfQIHlTMglYPs9L4tHV5lt0,846.5042527489506,57.514345364962466,0.30378265455029907,True,29,completed,4451709,slurm-4442153.out,True,valid
5,xXx5BU0y1BKc0zpGNr2sHZeXRIH,-inf,-inf,inf,True,33,completed,4451524,slurm-4442153.out,False,runtime_invalid
5,xXxPECtEpe8PIarVcUEdOA2r06N,-inf,-inf,inf,True,29,completed,4451710,slurm-4442153.out,False,runtime_invalid
5,xXxXnYB4ayJfyls9XDu9UVk9iCW,-inf,-inf,inf,True,29,completed,4451711,slurm-4442153.out,False,runtime_invalid
5,xXxEHyt6j5ebIBmOYylQTmwODf1,-999999.0,0.0,inf,True,29,completed,4451712,slurm-4442153.out,False,runtime_invalid
5,xXxjeegTafxdccYoNoOFpupIOJa,-inf,-inf,inf,True,29,completed,4451713,slurm-4442153.out,False,runtime_invalid
5,xXxC1dFWYoql7ieHJLyqUSVh4g9,-inf,-inf,inf,True,29,completed,4451714,slurm-4442153.out,False,runtime_invalid
5,xXxXK2FevGkOCjIxMjShjdnRtUm,-inf,-inf,inf,True,29,completed,4451715,slurm-4442153.out,False,runtime_invalid
5,xXxaHxWTdjkZNKcUpUsMOilzvUQ,658.5719827196696,48.47611683708799,0.3109503540220903,True,29,completed,4451716,slurm-4442153.out,True,valid
5,xXxjOH38bl0QwZU7tCi3JJAEICx,755.0856824254148,49.81807452407897,0.24127580805616455,True,349,completed,4446821,slurm-4442153.out,True,valid
5,xXxtvREFbA3Ix4BBIyDjxY3teQN,-999999.0,0.0,inf,True,29,completed,4451717,slurm-4442153.out,False,runtime_invalid
5,xXxKHW34LsUcLcBx0eWLpXOGx0l,683.9191328070308,50.687731790725124,0.32983550300747155,True,29,completed,4451718,slurm-4442153.out,True,valid
5,xXx4R8EdRwaNWKxBxse4CmZIOGS,575.8180634778028,44.2971467394104,0.31012487131040545,True,29,completed,4451719,slurm-4442153.out,True,valid
5,xXxfoboG03j6rfYHFacYxsBIXKS,-999999.0,0.0,inf,True,29,completed,4451720,slurm-4442153.out,False,runtime_invalid
5,xXxsqL7Yhqc5TEy0pnJ8qEZrlj4,-inf,-inf,inf,True,29,completed,4451721,slurm-4442153.out,False,runtime_invalid
5,xXxTsLe0QuQIKf4aGMKS57ojWrr,-inf,-inf,inf,True,29,completed,4451722,slurm-4442153.out,False,runtime_invalid
5,xXxNxoHnlR9nESEwfdQDZKG1zmz,-999999.0,0.0,inf,True,29,completed,4451723,slurm-4442153.out,False,runtime_invalid
5,xXxX6BQsGfAgHrQZ8yYzHnEFFxP,-96.07826319297672,0.8500716745816685,0.11307969668461011,True,54,completed,4450840,slurm-4442153.out,True,valid
5,xXxOPz8i0bnhR5pEgNmAMk96hHE,473.46914810883953,33.23351733846526,0.1912011986604659,True,210,completed,4448192,slurm-4442153.out,True,valid
5,xXxZOLclqbph67QfZCm2hZmgCo6,1453.4010570072965,89.93584676295949,0.3453158782518934,True,109,completed,4449868,slurm-4442153.out,True,valid
5,xXxbzpDVVRL47EKjyCakb9iQTE4,816.2910888036918,54.808982294477595,0.27988855708586047,True,349,completed,4446826,slurm-4442153.out,True,valid
5,xXxYxS91ZdUVbrJkeS3Pd1t7sKN,855.9600806305774,54.74256183202207,0.23889115600986405,True,210,completed,4448198,slurm-4442153.out,True,valid
5,xXxId5nz3FpBVdn4ZsE02D4LmzI,581.6039762629899,39.16706832485686,0.20173739023414675,True,349,completed,4446806,slurm-4442153.out,True,valid
5,xXxYKVwGxqELLCHjbCillSpYw8u,670.2034098898396,44.89287273443004,0.22765404479876156,True,210,completed,4448194,slurm-4442153.out,True,valid
5,xXxmhdCImGXbbuol8Np4PYhmySj,890.1848036837931,62.65673348043663,0.3629498659249395,True,210,completed,4448196,slurm-4442153.out,True,valid
5,xXxezrblIGYUuWQOZPGedMu4iBO,645.4413361242688,48.110212667047485,0.31676291721668093,True,54,completed,4450856,slurm-4442153.out,True,valid
5,xXxQwHv7gZTLcx6Eb1q3QNtqBam,508.29657099026133,42.545683880070165,0.3426171066111419,True,349,completed,4446807,slurm-4442153.out,True,valid
5,xXxKNU9V3UcIdWMqN706iwcwc3e,-596.4586486046336,0.17685273942935997,0.599995703393221,True,54,completed,4450852,slurm-4442153.out,True,valid
5,xXx7sDOtfP7qPbpoApnnKKwJAdD,-999999.0,0.0,inf,True,54,completed,4450843,slurm-4442153.out,False,runtime_invalid
5,xXx7gykwjb75yLhIIvpShFGtxrq,-999999.0,0.0,inf,True,54,completed,4450855,slurm-4442153.out,False,runtime_invalid
5,xXx2n3jlGz2IixL6A5aDv9i3CNF,489.03977383418913,35.56462903134848,0.22225280679278075,True,349,completed,4446822,slurm-4442153.out,True,valid
5,xXxOFn163liaCS6Olr2igz6mCwM,806.6892794381989,57.549351779931115,0.34429775616042313,True,349,completed,4446827,slurm-4442153.out,True,valid
5,xXxkGik6OKEx692HYYl6pGDzO9Q,781.2594662054147,55.1320873773293,0.3213822813411709,True,159,completed,4448794,slurm-4442153.out,True,valid
5,xXxH01J6RjRxSB8U9Aib8Si23FE,793.4123452665973,56.74360568514438,0.34145976843629033,True,349,completed,4446823,slurm-4442153.out,True,valid
5,xXxAl9pHUTa6ku9ZoiZ8dvLiWjz,808.0707417930656,53.134606972668294,0.2546213976603002,True,109,completed,4449862,slurm-4442153.out,True,valid
5,xXxTLhRThCcTAVzBOwaR81wDmV8,831.6628737034798,62.042995993466185,0.40919704616584357,True,210,completed,4448205,slurm-4442153.out,True,valid
5,xXxKnip6SV70aYnB23OVFRBINtT,714.3095293450226,48.0244674496309,0.24617981964759528,True,349,completed,4446816,slurm-4442153.out,True,valid
5,xXxeAlUMVM9e9r6AnGWboVQmA2l,314.87980462555754,26.928223168463614,0.22368465874371468,True,349,completed,4446817,slurm-4442153.out,True,valid
5,xXx103IkfgahlyLZ6ch91zhYWld,734.9221364155458,51.699138345142934,0.299060630487313,True,349,completed,4446812,slurm-4442153.out,True,valid
5,xXx3uIfqLhkXz8J2olC93SrxuRT,744.9599605427755,51.297622341423654,0.28099248628569773,True,349,completed,4446831,slurm-4442153.out,True,valid
5,xXx4mtM9H5ANSZ7rBaw1ooDeYpM,743.8022749149366,52.437275355230724,0.3049432321896776,True,109,completed,4449856,slurm-4442153.out,True,valid
5,xXxLKWbQx7lS8clAAUv3SyOLXbt,691.2375137973729,48.00549511594773,0.2688723885215819,True,109,completed,4449857,slurm-4442153.out,True,valid
5,xXxbTCb1WjybPU8jqMqEQOlCfrj,674.1092019044015,47.62366514544077,0.2783641010044143,True,210,completed,4448202,slurm-4442153.out,True,valid
5,xXx33lyzyag5HvG88IYlgyqSHNo,496.46269043163494,39.54862993670213,0.29450990830240775,True,109,completed,4449863,slurm-4442153.out,True,valid
5,xXxZtCGdKRfQjwTYLUqOfGZVfcH,590.5885772976196,45.51313173069205,0.3196740573162213,True,349,completed,4446837,slurm-4442153.out,True,valid
5,xXxjTLvv3Yu0HyDbvbDGG7abG5z,342.17290603716253,32.385348005011835,0.30553405406307427,True,109,completed,4449849,slurm-4442153.out,True,valid
5,xXxHurzsipJv7i0Ab5wIQ0UlBP8,347.91904479732216,34.57445117876,0.343569978777878,True,349,completed,4446832,slurm-4442153.out,True,valid
5,xXxIHbIYsXoC484AQCQHtUpdcoE,-425.10537668076677,4.929538574897994,0.5236961481787265,True,210,completed,4448203,slurm-4442153.out,True,valid
5,xXxP2bjiH4q1Orm14PecY6AapjP,-921.7228254112708,-17.82022679673189,0.5653182894766331,True,210,completed,4448193,slurm-4442153.out,True,valid
5,xXxxYpT785kNlk86eEswxvoXl86,-999999.0,0.0,inf,True,54,completed,4450859,slurm-4442153.out,False,runtime_invalid
5,xXxN2HG0JtxunmfpDLQBI8LCYoQ,-999999.0,0.0,inf,True,54,completed,4450860,slurm-4442153.out,False,runtime_invalid
5,xXxPXQGTHuLKp4VnGNNgEJeSpnD,-999999.0,0.0,inf,True,54,completed,4450857,slurm-4442153.out,False,runtime_invalid
5,xXxGJkHP7yvKnBsCO1NphGjrSfI,-999999.0,0.0,inf,True,54,completed,4450864,slurm-4442153.out,False,runtime_invalid
5,xXxFnBvBJocNGWDxNd9VCIgPMDx,-999999.0,0.0,inf,True,210,completed,4448201,slurm-4442153.out,False,runtime_invalid
5,xXxRkHwWFrvV4zTSVC0Ss81JGTK,-999999.0,0.0,inf,True,109,completed,4449852,slurm-4442153.out,False,runtime_invalid
5,xXxVW81D1Yx1flbwbyolEJgVxHT,-999999.0,0.0,inf,True,109,completed,4449867,slurm-4442153.out,False,runtime_invalid
5,xXxZNt60sthEwC08zpVkvaq0kun,-999999.0,0.0,inf,True,109,completed,4449869,slurm-4442153.out,False,runtime_invalid
6,xXx0i7fPp4Qinh9si0UuHqtn1kX,-inf,-inf,inf,True,47,completed,4452460,slurm-4442153.out,False,runtime_invalid
6,xXx8yx6YxsEswJWRILGRmOAH5e2,-inf,-inf,inf,True,44,completed,4452685,slurm-4442153.out,False,runtime_invalid
6,xXx6hZqs4XfUdZv5daoVui3QzpF,-inf,-inf,inf,True,44,completed,4452686,slurm-4442153.out,False,runtime_invalid
6,xXxW7ziHj5Efq2PHjMVn1xWkn2c,-inf,-inf,inf,True,44,completed,4452687,slurm-4442153.out,False,runtime_invalid
6,xXxeDpF6WVWikimmy3o6jhleFt7,-inf,-inf,inf,True,44,completed,4452688,slurm-4442153.out,False,runtime_invalid
6,xXxmh9HNIy4uYmss8i2HL6hIO5R,915.8335396264338,58.56932711720181,0.25555300271760206,True,44,completed,4452689,slurm-4442153.out,True,valid
6,xXxhI8UQwEVVUW1bJRRmwHNTwYb,-inf,-inf,inf,True,44,completed,4452690,slurm-4442153.out,False,runtime_invalid
6,xXx33lyzyag5HvG88IYlgyqSHNo,496.46269043163494,39.54862993670213,0.29450990830240775,True,156,completed,4449863,slurm-4442153.out,True,valid
6,xXxnZh0DbkIunUljRVS5dTCPdkF,-inf,-inf,inf,True,47,completed,4452462,slurm-4442153.out,False,runtime_invalid
6,xXxoo8nHY2ugdBJZoxmdzAnVK07,-inf,-inf,inf,True,44,completed,4452692,slurm-4442153.out,False,runtime_invalid
6,xXxaSluXhlBWfUCI4kS42N4MTrE,492.7960129358632,36.935547004967525,0.24591492716348728,True,44,completed,4452693,slurm-4442153.out,True,valid
6,xXxpERhLrcewW3rBueXfu5Cyegn,702.5152732812625,49.665481187699775,0.2907943504727329,True,44,completed,4452694,slurm-4442153.out,True,valid
6,xXxxLjxe7AqQf0R0SIa7G9ICuHX,-inf,-inf,inf,True,44,completed,4452695,slurm-4442153.out,False,runtime_invalid
6,xXxQwHv7gZTLcx6Eb1q3QNtqBam,508.29657099026133,42.545683880070165,0.3426171066111419,True,396,completed,4446807,slurm-4442153.out,True,valid
6,xXxsd8kSBr0ZRXqK0Sad3gubf8d,-inf,-inf,inf,True,44,completed,4452696,slurm-4442153.out,False,runtime_invalid
6,xXxYKVwGxqELLCHjbCillSpYw8u,670.2034098898396,44.89287273443004,0.22765404479876156,True,257,completed,4448194,slurm-4442153.out,True,valid
6,xXx1un5MOYt3WdnD3kJDQcRm6kM,151.17575553532393,13.679241659141931,0.12240907764751466,True,44,completed,4452697,slurm-4442153.out,True,valid
6,xXxhQPjNeJ27aM21w37O1lFzzQA,771.7027495394057,52.88905920288325,0.28607843451825904,True,44,completed,4452698,slurm-4442153.out,True,valid
6,xXxvGqbZUpLGmL5G07BgZHnh0EO,-inf,-inf,inf,True,44,completed,4452699,slurm-4442153.out,False,runtime_invalid
6,xXxqu7httWQYkWWCbK0u5xY4biH,744.3399169294112,51.40487672473279,0.2837576175652444,True,44,completed,4452700,slurm-4442153.out,True,valid
6,xXxjiURjBpPAgPxoNolp7zDc59l,785.0485441032664,53.110998700083485,0.27717142989840354,True,44,completed,4452701,slurm-4442153.out,True,valid
6,xXxGGgEJrM4yG13KGJaBl7CXYkL,430.50482560448984,34.282112840936364,0.2551374312142376,True,44,completed,4452702,slurm-4442153.out,True,valid
6,xXxTLhRThCcTAVzBOwaR81wDmV8,831.6628737034798,62.042995993466185,0.40919704616584357,True,257,completed,4448205,slurm-4442153.out,True,valid
6,xXxP2bjiH4q1Orm14PecY6AapjP,-921.7228254112708,-17.82022679673189,0.5653182894766331,True,257,completed,4448193,slurm-4442153.out,True,valid
6,xXxksksV4QDWU0wa1o6LSqX0dBa,-inf,-inf,inf,True,44,completed,4452703,slurm-4442153.out,False,runtime_invalid
6,xXxpXRGPcBrGb1wQBOlC0gL0Ipy,-inf,-inf,inf,True,44,completed,4452704,slurm-4442153.out,False,runtime_invalid
6,xXxBtqKWgZZqh1kMWOdYpqvRRlD,-inf,-inf,inf,True,44,completed,4452705,slurm-4442153.out,False,runtime_invalid
6,xXxXXMlikQobxu5OrnvwT75oYtU,-999999.0,0.0,inf,True,44,completed,4452706,slurm-4442153.out,False,runtime_invalid
6,xXxxXuYgyohxUfiFMc4RIL4XHCW,-inf,-inf,inf,True,44,completed,4452707,slurm-4442153.out,False,runtime_invalid
6,xXxIwV4oHCFUsleVXUki45QvhBq,-inf,-inf,inf,True,44,completed,4452708,slurm-4442153.out,False,runtime_invalid
6,xXxheYhh2i3ZV38q9l2rUC1Tq6T,9.471896304658904,6.504741146238675,0.1206229266201146,True,44,completed,4452709,slurm-4442153.out,True,valid
6,xXxfwTyTkylhN9LMVranJW9jlTm,919.5449098757086,62.79641694634846,0.3363834290512605,True,44,completed,4452710,slurm-4442153.out,True,valid
6,xXxivXF6MaXu5dP6fHJLu76BQ7S,371.2552617723107,26.558595944972904,0.15991665712714748,True,76,completed,4451705,slurm-4442153.out,True,valid
6,xXxwx05b80MJ1Xj6UC7Mk75AL9u,875.4550553138743,58.97035768066489,0.3039520982994232,True,396,completed,4446811,slurm-4442153.out,True,valid
6,xXxZIfQIHlTMglYPs9L4tHV5lt0,846.5042527489506,57.514345364962466,0.30378265455029907,True,76,completed,4451709,slurm-4442153.out,True,valid
6,xXxX6BQsGfAgHrQZ8yYzHnEFFxP,-96.07826319297672,0.8500716745816685,0.11307969668461011,True,102,completed,4450840,slurm-4442153.out,True,valid
6,xXxOPz8i0bnhR5pEgNmAMk96hHE,473.46914810883953,33.23351733846526,0.1912011986604659,True,257,completed,4448192,slurm-4442153.out,True,valid
6,xXxZOLclqbph67QfZCm2hZmgCo6,1453.4010570072965,89.93584676295949,0.3453158782518934,True,156,completed,4449868,slurm-4442153.out,True,valid
6,xXxbzpDVVRL47EKjyCakb9iQTE4,816.2910888036918,54.808982294477595,0.27988855708586047,True,396,completed,4446826,slurm-4442153.out,True,valid
6,xXxYxS91ZdUVbrJkeS3Pd1t7sKN,855.9600806305774,54.74256183202207,0.23889115600986405,True,257,completed,4448198,slurm-4442153.out,True,valid
6,xXxId5nz3FpBVdn4ZsE02D4LmzI,581.6039762629899,39.16706832485686,0.20173739023414675,True,396,completed,4446806,slurm-4442153.out,True,valid
6,xXxpSBStndE8XlK0QjTNHod8U8S,270.0101317025579,22.059812035017398,0.17118610899779013,True,76,completed,4451707,slurm-4442153.out,True,valid
6,xXxmhdCImGXbbuol8Np4PYhmySj,890.1848036837931,62.65673348043663,0.3629498659249395,True,257,completed,4448196,slurm-4442153.out,True,valid
6,xXx2n3jlGz2IixL6A5aDv9i3CNF,489.03977383418913,35.56462903134848,0.22225280679278075,True,396,completed,4446822,slurm-4442153.out,True,valid
6,xXxUSUoxFQ8YyQXi8s0JkyhR66L,566.0712670884257,40.02720744819928,0.2344728818755597,True,76,completed,4451701,slurm-4442153.out,True,valid
6,xXxOFn163liaCS6Olr2igz6mCwM,806.6892794381989,57.549351779931115,0.34429775616042313,True,396,completed,4446827,slurm-4442153.out,True,valid
6,xXxjOH38bl0QwZU7tCi3JJAEICx,755.0856824254148,49.81807452407897,0.24127580805616455,True,396,completed,4446821,slurm-4442153.out,True,valid
6,xXxAl9pHUTa6ku9ZoiZ8dvLiWjz,808.0707417930656,53.134606972668294,0.2546213976603002,True,156,completed,4449862,slurm-4442153.out,True,valid
6,xXxkGik6OKEx692HYYl6pGDzO9Q,781.2594662054147,55.1320873773293,0.3213822813411709,True,206,completed,4448794,slurm-4442153.out,True,valid
6,xXxH01J6RjRxSB8U9Aib8Si23FE,793.4123452665973,56.74360568514438,0.34145976843629033,True,396,completed,4446823,slurm-4442153.out,True,valid
6,xXxeAlUMVM9e9r6AnGWboVQmA2l,314.87980462555754,26.928223168463614,0.22368465874371468,True,396,completed,4446817,slurm-4442153.out,True,valid
6,xXxKnip6SV70aYnB23OVFRBINtT,714.3095293450226,48.0244674496309,0.24617981964759528,True,396,completed,4446816,slurm-4442153.out,True,valid
6,xXxO2s2T9DOAv4P30rU7qx42yC8,657.3192520158422,45.27569293767707,0.24819460673769936,True,76,completed,4451706,slurm-4442153.out,True,valid
6,xXx103IkfgahlyLZ6ch91zhYWld,734.9221364155458,51.699138345142934,0.299060630487313,True,396,completed,4446812,slurm-4442153.out,True,valid
6,xXx3uIfqLhkXz8J2olC93SrxuRT,744.9599605427755,51.297622341423654,0.28099248628569773,True,396,completed,4446831,slurm-4442153.out,True,valid
6,xXx2kvUnIzwVl15FvkSnKwj0AS2,708.1869519566842,48.499669973411166,0.2618064475115388,True,156,completed,4449860,slurm-4442153.out,True,valid
6,xXxLKWbQx7lS8clAAUv3SyOLXbt,691.2375137973729,48.00549511594773,0.2688723885215819,True,156,completed,4449857,slurm-4442153.out,True,valid
6,xXx4mtM9H5ANSZ7rBaw1ooDeYpM,743.8022749149366,52.437275355230724,0.3049432321896776,True,156,completed,4449856,slurm-4442153.out,True,valid
6,xXxbTCb1WjybPU8jqMqEQOlCfrj,674.1092019044015,47.62366514544077,0.2783641010044143,True,257,completed,4448202,slurm-4442153.out,True,valid
6,xXxKHW34LsUcLcBx0eWLpXOGx0l,683.9191328070308,50.687731790725124,0.32983550300747155,True,76,completed,4451718,slurm-4442153.out,True,valid
6,xXxaHxWTdjkZNKcUpUsMOilzvUQ,658.5719827196696,48.47611683708799,0.3109503540220903,True,76,completed,4451716,slurm-4442153.out,True,valid
6,xXxezrblIGYUuWQOZPGedMu4iBO,645.4413361242688,48.110212667047485,0.31676291721668093,True,102,completed,4450856,slurm-4442153.out,True,valid
6,xXx6mioxfeeksxKYvciqlrX9iot,641.8221833020395,47.949407011503105,0.3171659569280222,True,396,completed,4446810,slurm-4442153.out,True,valid
6,xXxZtCGdKRfQjwTYLUqOfGZVfcH,590.5885772976196,45.51313173069205,0.3196740573162213,True,396,completed,4446837,slurm-4442153.out,True,valid
6,xXxIHbIYsXoC484AQCQHtUpdcoE,-425.10537668076677,4.929538574897994,0.5236961481787265,True,257,completed,4448203,slurm-4442153.out,True,valid
6,xXx59Z15hH6xuqI7kYCm4v1NuNc,-999999.0,0.0,inf,True,76,completed,4451699,slurm-4442153.out,False,runtime_invalid
6,xXxvvpCT6M6yXzSkaCU78JsWSrc,-999999.0,0.0,inf,True,76,completed,4451702,slurm-4442153.out,False,runtime_invalid
6,xXxXeFNXeoqSJa7ccVvsWVZWHC3,-999999.0,0.0,inf,True,76,completed,4451703,slurm-4442153.out,False,runtime_invalid
6,xXxD8NA3fyH7DMh25q5BvgfRDnq,625.8983129878243,43.93763959725478,0.2528544789572712,True,76,completed,4451704,slurm-4442153.out,True,valid
6,xXxHurzsipJv7i0Ab5wIQ0UlBP8,347.91904479732216,34.57445117876,0.343569978777878,True,396,completed,4446832,slurm-4442153.out,True,valid
6,xXxQq01kSgKFP7ZBjSsRn5kGKSM,-999999.0,0.0,inf,True,76,completed,4451708,slurm-4442153.out,False,runtime_invalid
7,xXxcUeVAMvnt5pNLvrH0UsyYgZW,-inf,-inf,inf,True,194,completed,4453949,slurm-4457323.out,False,runtime_invalid
7,xXxsf9oZgH8Qsf9XL2rZcmrMVQK,-inf,-inf,inf,True,194,completed,4453950,slurm-4457323.out,False,runtime_invalid
7,xXxPwN3VQTxef7uxtsEl6MU9jTH,217.82167650916213,24.009394855596387,0.26236622060276565,True,180,completed,4454169,slurm-4457323.out,True,valid
7,xXxEjc6rfklU6OsLdAMBKByzOff,587.1689626297723,43.90841384268272,0.2909993142238818,True,194,completed,4453952,slurm-4457323.out,True,valid
7,xXx4UbAfTVvnBgwbm3UZOp3Fbsn,-inf,-inf,inf,True,180,completed,4454170,slurm-4457323.out,False,runtime_invalid
7,xXxfi0KHAYw3p1Go9ra5492nYDW,-inf,-inf,inf,True,180,completed,4454171,slurm-4457323.out,False,runtime_invalid
7,xXx1s0FLF6FyYuji1zV2NCBzQXg,-inf,-inf,inf,True,180,completed,4454172,slurm-4457323.out,False,runtime_invalid
7,xXxjOH38bl0QwZU7tCi3JJAEICx,755.0856824254148,49.81807452407897,0.24127580805616455,True,590,completed,4446821,slurm-4457323.out,True,valid
7,xXxYtUIDHefXq1shDuv5tZSk6oZ,-inf,-inf,inf,True,180,completed,4454173,slurm-4457323.out,False,runtime_invalid
7,xXxsaZFAIqKbSia4rlIv6hvzCFy,-inf,-inf,inf,True,194,completed,4453956,slurm-4457323.out,False,runtime_invalid
7,xXxYFlJ3BdWho9WZEoT20Qr5i76,-inf,-inf,inf,True,180,completed,4454174,slurm-4457323.out,False,runtime_invalid
7,xXxT7jBqKwyfUZRCK6Ztca3UQWv,-inf,-inf,inf,True,194,completed,4453958,slurm-4457323.out,False,runtime_invalid
7,xXxRgqL82sh12fWLIU14siaFnXE,123.05792612667649,14.128308215479592,0.15950823818291537,True,180,completed,4454175,slurm-4457323.out,True,valid
7,xXxfwTyTkylhN9LMVranJW9jlTm,919.5449098757086,62.79641694634846,0.3363834290512605,True,238,completed,4452710,slurm-4457323.out,True,valid
7,xXxZRmDOP1AMuBsiMKXwElyBaDz,-inf,-inf,inf,True,180,completed,4454176,slurm-4457323.out,False,runtime_invalid
7,xXxqbtANkqYpHNkx2xBMx5EkbTv,-inf,-inf,inf,True,180,completed,4454177,slurm-4457323.out,False,runtime_invalid
7,xXx97U3AjycUQgcwese6S1Y0mZ7,-inf,-inf,inf,True,180,completed,4454178,slurm-4457323.out,False,runtime_invalid
7,xXxneAa6Vvd4niA1NCp6t0fHLDJ,-inf,-inf,inf,True,194,completed,4453962,slurm-4457323.out,False,runtime_invalid
7,xXxzJqkEcvf2kGea60hiR8CNSzN,635.7592371655829,45.04704259822011,0.26518161479881963,True,180,completed,4454179,slurm-4457323.out,True,valid
7,xXx103IkfgahlyLZ6ch91zhYWld,734.9221364155458,51.699138345142934,0.299060630487313,True,590,completed,4446812,slurm-4457323.out,True,valid
7,xXxTLhRThCcTAVzBOwaR81wDmV8,831.6628737034798,62.042995993466185,0.40919704616584357,True,450,completed,4448205,slurm-4457323.out,True,valid
7,xXxmhdCImGXbbuol8Np4PYhmySj,890.1848036837931,62.65673348043663,0.3629498659249395,True,450,completed,4448196,slurm-4457323.out,True,valid
7,xXxwydiO6kRtJRXXF2HhP76EpKz,-inf,-inf,inf,True,180,completed,4454181,slurm-4457323.out,False,runtime_invalid
7,xXxYup8S347YQdoeyLAJbC4YkWf,-999999.0,0.0,inf,True,180,completed,4454182,slurm-4457323.out,False,runtime_invalid
7,xXxXYRwXWIf0KXha2jeUHlAAVij,635.284059567228,43.239262600661725,0.22950119244600647,True,180,completed,4454183,slurm-4457323.out,True,valid
7,xXxiR8yzvrqiD0BP775ubSCKuYz,724.33061968748,49.49007455388481,0.2654708713902161,True,180,completed,4454184,slurm-4457323.out,True,valid
7,xXx7TjUwVbqxwTD3bbNDW1cXOzX,-inf,-inf,inf,True,180,completed,4454185,slurm-4457323.out,False,runtime_invalid
7,xXxCgL3Tzjrfizsd6vBToL54iUH,-inf,-inf,inf,True,180,completed,4454186,slurm-4457323.out,False,runtime_invalid
7,xXxTg7P44V9Vslih6wLcBAss6cd,-inf,-inf,inf,True,180,completed,4454187,slurm-4457323.out,False,runtime_invalid
7,xXxQFSmFyFK4lxGYWCQHdN17iLg,-inf,-inf,inf,True,180,completed,4454188,slurm-4457323.out,False,runtime_invalid
7,xXx4APlKVeUmGYMBBsGBY9wly5l,-inf,-inf,inf,True,180,completed,4454189,slurm-4457323.out,False,runtime_invalid
7,xXxFMDStanYIQMcZZ32uDlfMyxj,-inf,-inf,inf,True,180,completed,4454190,slurm-4457323.out,False,runtime_invalid
7,xXxmh9HNIy4uYmss8i2HL6hIO5R,915.8335396264338,58.56932711720181,0.25555300271760206,True,238,completed,4452689,slurm-4457323.out,True,valid
7,xXxYKVwGxqELLCHjbCillSpYw8u,670.2034098898396,44.89287273443004,0.22765404479876156,True,450,completed,4448194,slurm-4457323.out,True,valid
7,xXx1un5MOYt3WdnD3kJDQcRm6kM,151.17575553532393,13.679241659141931,0.12240907764751466,True,238,completed,4452697,slurm-4457323.out,True,valid
7,xXxheYhh2i3ZV38q9l2rUC1Tq6T,9.471896304658904,6.504741146238675,0.1206229266201146,True,238,completed,4452709,slurm-4457323.out,True,valid
7,xXxivXF6MaXu5dP6fHJLu76BQ7S,371.2552617723107,26.558595944972904,0.15991665712714748,True,270,completed,4451705,slurm-4457323.out,True,valid
7,xXxwx05b80MJ1Xj6UC7Mk75AL9u,875.4550553138743,58.97035768066489,0.3039520982994232,True,590,completed,4446811,slurm-4457323.out,True,valid
7,xXxX6BQsGfAgHrQZ8yYzHnEFFxP,-96.07826319297672,0.8500716745816685,0.11307969668461011,True,295,completed,4450840,slurm-4457323.out,True,valid
7,xXxOPz8i0bnhR5pEgNmAMk96hHE,473.46914810883953,33.23351733846526,0.1912011986604659,True,450,completed,4448192,slurm-4457323.out,True,valid
7,xXxZOLclqbph67QfZCm2hZmgCo6,1453.4010570072965,89.93584676295949,0.3453158782518934,True,349,completed,4449868,slurm-4457323.out,True,valid
7,xXxYxS91ZdUVbrJkeS3Pd1t7sKN,855.9600806305774,54.74256183202207,0.23889115600986405,True,450,completed,4448198,slurm-4457323.out,True,valid
7,xXxId5nz3FpBVdn4ZsE02D4LmzI,581.6039762629899,39.16706832485686,0.20173739023414675,True,590,completed,4446806,slurm-4457323.out,True,valid
7,xXxpSBStndE8XlK0QjTNHod8U8S,270.0101317025579,22.059812035017398,0.17118610899779013,True,270,completed,4451707,slurm-4457323.out,True,valid
7,xXx2n3jlGz2IixL6A5aDv9i3CNF,489.03977383418913,35.56462903134848,0.22225280679278075,True,590,completed,4446822,slurm-4457323.out,True,valid
7,xXxUSUoxFQ8YyQXi8s0JkyhR66L,566.0712670884257,40.02720744819928,0.2344728818755597,True,270,completed,4451701,slurm-4457323.out,True,valid
7,xXxZIfQIHlTMglYPs9L4tHV5lt0,846.5042527489506,57.514345364962466,0.30378265455029907,True,270,completed,4451709,slurm-4457323.out,True,valid
7,xXxbzpDVVRL47EKjyCakb9iQTE4,816.2910888036918,54.808982294477595,0.27988855708586047,True,590,completed,4446826,slurm-4457323.out,True,valid
7,xXxeAlUMVM9e9r6AnGWboVQmA2l,314.87980462555754,26.928223168463614,0.22368465874371468,True,590,completed,4446817,slurm-4457323.out,True,valid
7,xXxAl9pHUTa6ku9ZoiZ8dvLiWjz,808.0707417930656,53.134606972668294,0.2546213976603002,True,349,completed,4449862,slurm-4457323.out,True,valid
7,xXxKnip6SV70aYnB23OVFRBINtT,714.3095293450226,48.0244674496309,0.24617981964759528,True,590,completed,4446816,slurm-4457323.out,True,valid
7,xXxOFn163liaCS6Olr2igz6mCwM,806.6892794381989,57.549351779931115,0.34429775616042313,True,590,completed,4446827,slurm-4457323.out,True,valid
7,xXxkGik6OKEx692HYYl6pGDzO9Q,781.2594662054147,55.1320873773293,0.3213822813411709,True,400,completed,4448794,slurm-4457323.out,True,valid
7,xXxO2s2T9DOAv4P30rU7qx42yC8,657.3192520158422,45.27569293767707,0.24819460673769936,True,270,completed,4451706,slurm-4457323.out,True,valid
7,xXxH01J6RjRxSB8U9Aib8Si23FE,793.4123452665973,56.74360568514438,0.34145976843629033,True,590,completed,4446823,slurm-4457323.out,True,valid
7,xXxjiURjBpPAgPxoNolp7zDc59l,785.0485441032664,53.110998700083485,0.27717142989840354,True,238,completed,4452701,slurm-4457323.out,True,valid
7,xXxaSluXhlBWfUCI4kS42N4MTrE,492.7960129358632,36.935547004967525,0.24591492716348728,True,238,completed,4452693,slurm-4457323.out,True,valid
7,xXxD8NA3fyH7DMh25q5BvgfRDnq,625.8983129878243,43.93763959725478,0.2528544789572712,True,270,completed,4451704,slurm-4457323.out,True,valid
7,xXx2kvUnIzwVl15FvkSnKwj0AS2,708.1869519566842,48.499669973411166,0.2618064475115388,True,349,completed,4449860,slurm-4457323.out,True,valid
7,xXxhQPjNeJ27aM21w37O1lFzzQA,771.7027495394057,52.88905920288325,0.28607843451825904,True,238,completed,4452698,slurm-4457323.out,True,valid
7,xXxqu7httWQYkWWCbK0u5xY4biH,744.3399169294112,51.40487672473279,0.2837576175652444,True,238,completed,4452700,slurm-4457323.out,True,valid
7,xXx3uIfqLhkXz8J2olC93SrxuRT,744.9599605427755,51.297622341423654,0.28099248628569773,True,590,completed,4446831,slurm-4457323.out,True,valid
7,xXxLKWbQx7lS8clAAUv3SyOLXbt,691.2375137973729,48.00549511594773,0.2688723885215819,True,349,completed,4449857,slurm-4457323.out,True,valid
7,xXxGGgEJrM4yG13KGJaBl7CXYkL,430.50482560448984,34.282112840936364,0.2551374312142376,True,238,completed,4452702,slurm-4457323.out,True,valid
7,xXxbTCb1WjybPU8jqMqEQOlCfrj,674.1092019044015,47.62366514544077,0.2783641010044143,True,450,completed,4448202,slurm-4457323.out,True,valid
7,xXx4mtM9H5ANSZ7rBaw1ooDeYpM,743.8022749149366,52.437275355230724,0.3049432321896776,True,349,completed,4449856,slurm-4457323.out,True,valid
7,xXxpERhLrcewW3rBueXfu5Cyegn,702.5152732812625,49.665481187699775,0.2907943504727329,True,238,completed,4452694,slurm-4457323.out,True,valid
7,xXxKHW34LsUcLcBx0eWLpXOGx0l,683.9191328070308,50.687731790725124,0.32983550300747155,True,270,completed,4451718,slurm-4457323.out,True,valid
7,xXxaHxWTdjkZNKcUpUsMOilzvUQ,658.5719827196696,48.47611683708799,0.3109503540220903,True,270,completed,4451716,slurm-4457323.out,True,valid
7,xXxezrblIGYUuWQOZPGedMu4iBO,645.4413361242688,48.110212667047485,0.31676291721668093,True,295,completed,4450856,slurm-4457323.out,True,valid
7,xXx33lyzyag5HvG88IYlgyqSHNo,496.46269043163494,39.54862993670213,0.29450990830240775,True,349,completed,4449863,slurm-4457323.out,True,valid
8,xXxOPz8i0bnhR5pEgNmAMk96hHE,473.46914810883953,33.23351733846526,0.1912011986604659,True,630,completed,4448192,slurm-4457323.out,True,valid
8,xXxeAlUMVM9e9r6AnGWboVQmA2l,314.87980462555754,26.928223168463614,0.22368465874371468,True,769,completed,4446817,slurm-4457323.out,True,valid
8,xXxH01J6RjRxSB8U9Aib8Si23FE,793.4123452665973,56.74360568514438,0.34145976843629033,True,769,completed,4446823,slurm-4457323.out,True,valid
8,xXxTLhRThCcTAVzBOwaR81wDmV8,831.6628737034798,62.042995993466185,0.40919704616584357,True,630,completed,4448205,slurm-4457323.out,True,valid
8,xXxYKVwGxqELLCHjbCillSpYw8u,670.2034098898396,44.89287273443004,0.22765404479876156,True,630,completed,4448194,slurm-4457323.out,True,valid
8,xXxKHW34LsUcLcBx0eWLpXOGx0l,683.9191328070308,50.687731790725124,0.32983550300747155,True,450,completed,4451718,slurm-4457323.out,True,valid
8,xXxnOAYNY7Xwrfzr7soAZdSD0pQ,875.6924820275237,57.30783855460213,0.27046428906451914,True,180,completed,4457998,slurm-4457323.out,True,valid
8,xXxc55dwASBVXnywni3E4zDh0sF,876.8274723626821,55.252031173408774,0.2282131511054933,True,180,completed,4457999,slurm-4457323.out,True,valid
8,xXxYCxQMOYX33A3snaSidDxBamU,-inf,-inf,inf,True,180,completed,4458000,slurm-4457323.out,False,runtime_invalid
8,xXxQxIBx5tP27voZPYz1yiHsr4Y,-inf,-inf,inf,True,180,completed,4458001,slurm-4457323.out,False,runtime_invalid
8,xXx4mtM9H5ANSZ7rBaw1ooDeYpM,743.8022749149366,52.437275355230724,0.3049432321896776,True,529,completed,4449856,slurm-4457323.out,True,valid
8,xXxaHxWTdjkZNKcUpUsMOilzvUQ,-inf,-inf,inf,False,59,completed,None,slurm-4457323.out,False,submission_failed
8,xXx6GLUXG9jPWwJLXuvV98XUIU9,-inf,-inf,inf,True,131,completed,4458843,slurm-4457323.out,False,runtime_invalid
8,xXxKdgKUyMN0mjLWPZqjlc9EiTk,-999999.0,0.0,inf,True,131,completed,4458844,slurm-4457323.out,False,runtime_invalid
8,xXxPGtPZAlZ2ieXPWAH7zxgQyRa,-inf,-inf,inf,True,131,completed,4458845,slurm-4457323.out,False,runtime_invalid
8,xXxVGRwr30DSzlCofcXsm22xMi6,-inf,-inf,inf,True,131,completed,4458846,slurm-4457323.out,False,runtime_invalid
8,xXxJCNkGHcKdqWDZzbkCBuFoePo,-inf,-inf,inf,True,131,completed,4458847,slurm-4457323.out,False,runtime_invalid
8,xXxZENL80wA0xOPgIpgNGptcYne,-inf,-inf,inf,True,131,completed,4458848,slurm-4457323.out,False,runtime_invalid
8,xXxIIKcQpU3VPgZMEuz3mbTGI87,-inf,-inf,inf,True,131,completed,4458849,slurm-4457323.out,False,runtime_invalid
8,xXxjOH38bl0QwZU7tCi3JJAEICx,755.0856824254148,49.81807452407897,0.24127580805616455,True,769,completed,4446821,slurm-4457323.out,True,valid
8,xXxKCMSiyAkf1JLuByL2kAyCkpZ,357.445945617283,33.44742452244769,0.31150254483167084,True,131,completed,4458850,slurm-4457323.out,True,valid
8,xXxaSluXhlBWfUCI4kS42N4MTrE,492.7960129358632,36.935547004967525,0.24591492716348728,True,418,completed,4452693,slurm-4457323.out,True,valid
8,xXxdsMzsHhfjr1dSBQaISr8WyuQ,-inf,-inf,inf,True,180,completed,4458004,slurm-4457323.out,False,runtime_invalid
8,xXxHo38v2ohx7WArqURK3aazFAj,-inf,-inf,inf,True,180,completed,4458005,slurm-4457323.out,False,runtime_invalid
8,xXx103IkfgahlyLZ6ch91zhYWld,734.9221364155458,51.699138345142934,0.299060630487313,True,769,completed,4446812,slurm-4457323.out,True,valid
8,xXxovHyvZkSAYe2wUpVXNS2cKnI,283.52106745403694,30.707714433806235,0.33063322122208777,True,131,completed,4458854,slurm-4457323.out,True,valid
8,xXx2yKPprZVS9bWuvmHbEYBoQaB,-inf,-inf,inf,True,131,completed,4458855,slurm-4457323.out,False,runtime_invalid
8,xXxVj59Ierxn1LSX6Lt8fmNIMwz,-999999.0,0.0,inf,True,131,completed,4458856,slurm-4457323.out,False,runtime_invalid
8,xXxczPUXnnW9tjyfqIvbjYLWpH3,-inf,-inf,inf,True,131,completed,4458857,slurm-4457323.out,False,runtime_invalid
8,xXxMhVmPGyevfZ1FvsczQmhEtpc,-inf,-inf,inf,True,131,completed,4458858,slurm-4457323.out,False,runtime_invalid
8,xXxhImOvibgXipkdlNyIKsxNeYe,-inf,-inf,inf,True,131,completed,4458859,slurm-4457323.out,False,runtime_invalid
8,xXxyC4v9ItM7hh2Ew9v1slKTTSi,367.7137999451346,28.885006759022815,0.2099863352353219,True,131,completed,4458860,slurm-4457323.out,True,valid
8,xXxRgqL82sh12fWLIU14siaFnXE,123.05792612667649,14.128308215479592,0.15950823818291537,True,359,completed,4454175,slurm-4457323.out,True,valid
8,xXxfwTyTkylhN9LMVranJW9jlTm,919.5449098757086,62.79641694634846,0.3363834290512605,True,418,completed,4452710,slurm-4457323.out,True,valid
8,xXxmh9HNIy4uYmss8i2HL6hIO5R,915.8335396264338,58.56932711720181,0.25555300271760206,True,418,completed,4452689,slurm-4457323.out,True,valid
8,xXx1un5MOYt3WdnD3kJDQcRm6kM,151.17575553532393,13.679241659141931,0.12240907764751466,True,418,completed,4452697,slurm-4457323.out,True,valid
8,xXxheYhh2i3ZV38q9l2rUC1Tq6T,9.471896304658904,6.504741146238675,0.1206229266201146,True,418,completed,4452709,slurm-4457323.out,True,valid
8,xXxivXF6MaXu5dP6fHJLu76BQ7S,371.2552617723107,26.558595944972904,0.15991665712714748,True,450,completed,4451705,slurm-4457323.out,True,valid
8,xXxwx05b80MJ1Xj6UC7Mk75AL9u,875.4550553138743,58.97035768066489,0.3039520982994232,True,769,completed,4446811,slurm-4457323.out,True,valid
8,xXxX6BQsGfAgHrQZ8yYzHnEFFxP,-96.07826319297672,0.8500716745816685,0.11307969668461011,True,475,completed,4450840,slurm-4457323.out,True,valid
8,xXxZOLclqbph67QfZCm2hZmgCo6,1453.4010570072965,89.93584676295949,0.3453158782518934,True,529,completed,4449868,slurm-4457323.out,True,valid
8,xXxYxS91ZdUVbrJkeS3Pd1t7sKN,855.9600806305774,54.74256183202207,0.23889115600986405,True,630,completed,4448198,slurm-4457323.out,True,valid
8,xXxId5nz3FpBVdn4ZsE02D4LmzI,581.6039762629899,39.16706832485686,0.20173739023414675,True,769,completed,4446806,slurm-4457323.out,True,valid
8,xXxpSBStndE8XlK0QjTNHod8U8S,270.0101317025579,22.059812035017398,0.17118610899779013,True,450,completed,4451707,slurm-4457323.out,True,valid
8,xXx2n3jlGz2IixL6A5aDv9i3CNF,489.03977383418913,35.56462903134848,0.22225280679278075,True,769,completed,4446822,slurm-4457323.out,True,valid
8,xXxmhdCImGXbbuol8Np4PYhmySj,890.1848036837931,62.65673348043663,0.3629498659249395,True,630,completed,4448196,slurm-4457323.out,True,valid
8,xXxXYRwXWIf0KXha2jeUHlAAVij,635.284059567228,43.239262600661725,0.22950119244600647,True,359,completed,4454183,slurm-4457323.out,True,valid
8,xXxUSUoxFQ8YyQXi8s0JkyhR66L,566.0712670884257,40.02720744819928,0.2344728818755597,True,450,completed,4451701,slurm-4457323.out,True,valid
8,xXxZIfQIHlTMglYPs9L4tHV5lt0,846.5042527489506,57.514345364962466,0.30378265455029907,True,450,completed,4451709,slurm-4457323.out,True,valid
8,xXxbzpDVVRL47EKjyCakb9iQTE4,816.2910888036918,54.808982294477595,0.27988855708586047,True,769,completed,4446826,slurm-4457323.out,True,valid
8,xXxAl9pHUTa6ku9ZoiZ8dvLiWjz,808.0707417930656,53.134606972668294,0.2546213976603002,True,529,completed,4449862,slurm-4457323.out,True,valid
8,xXxOFn163liaCS6Olr2igz6mCwM,806.6892794381989,57.549351779931115,0.34429775616042313,True,769,completed,4446827,slurm-4457323.out,True,valid
8,xXxkGik6OKEx692HYYl6pGDzO9Q,781.2594662054147,55.1320873773293,0.3213822813411709,True,580,completed,4448794,slurm-4457323.out,True,valid
8,xXxKnip6SV70aYnB23OVFRBINtT,714.3095293450226,48.0244674496309,0.24617981964759528,True,769,completed,4446816,slurm-4457323.out,True,valid
8,xXxO2s2T9DOAv4P30rU7qx42yC8,657.3192520158422,45.27569293767707,0.24819460673769936,True,450,completed,4451706,slurm-4457323.out,True,valid
8,xXxD8NA3fyH7DMh25q5BvgfRDnq,625.8983129878243,43.93763959725478,0.2528544789572712,True,450,completed,4451704,slurm-4457323.out,True,valid
8,xXxjiURjBpPAgPxoNolp7zDc59l,785.0485441032664,53.110998700083485,0.27717142989840354,True,418,completed,4452701,slurm-4457323.out,True,valid
8,xXxiR8yzvrqiD0BP775ubSCKuYz,724.33061968748,49.49007455388481,0.2654708713902161,True,359,completed,4454184,slurm-4457323.out,True,valid
8,xXx2kvUnIzwVl15FvkSnKwj0AS2,708.1869519566842,48.499669973411166,0.2618064475115388,True,529,completed,4449860,slurm-4457323.out,True,valid
8,xXxhQPjNeJ27aM21w37O1lFzzQA,771.7027495394057,52.88905920288325,0.28607843451825904,True,418,completed,4452698,slurm-4457323.out,True,valid
8,xXxqu7httWQYkWWCbK0u5xY4biH,744.3399169294112,51.40487672473279,0.2837576175652444,True,418,completed,4452700,slurm-4457323.out,True,valid
8,xXx3uIfqLhkXz8J2olC93SrxuRT,744.9599605427755,51.297622341423654,0.28099248628569773,True,769,completed,4446831,slurm-4457323.out,True,valid
8,xXxzJqkEcvf2kGea60hiR8CNSzN,635.7592371655829,45.04704259822011,0.26518161479881963,True,359,completed,4454179,slurm-4457323.out,True,valid
8,xXxLKWbQx7lS8clAAUv3SyOLXbt,691.2375137973729,48.00549511594773,0.2688723885215819,True,529,completed,4449857,slurm-4457323.out,True,valid
8,xXxGGgEJrM4yG13KGJaBl7CXYkL,430.50482560448984,34.282112840936364,0.2551374312142376,True,418,completed,4452702,slurm-4457323.out,True,valid
8,xXxbTCb1WjybPU8jqMqEQOlCfrj,674.1092019044015,47.62366514544077,0.2783641010044143,True,630,completed,4448202,slurm-4457323.out,True,valid
8,xXxpERhLrcewW3rBueXfu5Cyegn,702.5152732812625,49.665481187699775,0.2907943504727329,True,418,completed,4452694,slurm-4457323.out,True,valid
9,xXxIS8B1RhC6NXLTZtE0pVT2gxR,-inf,-inf,inf,True,90,completed,4461271,slurm-4457323.out,False,runtime_invalid
9,xXxGd0xf0neNuffmpaZFK0cr3hK,-inf,-inf,inf,True,90,completed,4461272,slurm-4457323.out,False,runtime_invalid
9,xXxmh9HNIy4uYmss8i2HL6hIO5R,915.8335396264338,58.56932711720181,0.25555300271760206,True,508,completed,4452689,slurm-4457323.out,True,valid
9,xXxX6BQsGfAgHrQZ8yYzHnEFFxP,-96.07826319297672,0.8500716745816685,0.11307969668461011,True,565,completed,4450840,slurm-4457323.out,True,valid
9,xXxjiURjBpPAgPxoNolp7zDc59l,785.0485441032664,53.110998700083485,0.27717142989840354,True,508,completed,4452701,slurm-4457323.out,True,valid
9,xXxivXF6MaXu5dP6fHJLu76BQ7S,371.2552617723107,26.558595944972904,0.15991665712714748,True,540,completed,4451705,slurm-4457323.out,True,valid
9,xXx1DbGajd2RBbuOFEkMINA8uCz,-999999.0,0.0,inf,True,65,completed,4461887,slurm-4457323.out,False,runtime_invalid
9,xXxu1FdmE3yepwCet3lqIKU7ksx,-inf,-inf,inf,True,90,completed,4461273,slurm-4457323.out,False,runtime_invalid
9,xXxVy2T2T4r2UbgQFyQOQFfzl3D,-inf,-inf,inf,True,90,completed,4461274,slurm-4457323.out,False,runtime_invalid
9,xXxBgxQyx5rCHS3CUsgVPHXbTmX,-999999.0,0.0,inf,True,65,completed,4461888,slurm-4457323.out,False,runtime_invalid
9,xXxAbQuCaDg2ZK6jbT5X7U18jab,-inf,-inf,inf,True,65,completed,4461889,slurm-4457323.out,False,runtime_invalid
9,xXxfwX28ILBLCEV8hCdbQWKORsI,-inf,-inf,inf,True,65,completed,4461890,slurm-4457323.out,False,runtime_invalid
9,xXx9BWKBFoClBBG7YWFmo2dLHCo,-inf,-inf,inf,True,65,completed,4461891,slurm-4457323.out,False,runtime_invalid
9,xXxXYRwXWIf0KXha2jeUHlAAVij,635.284059567228,43.239262600661725,0.22950119244600647,True,450,completed,4454183,slurm-4457323.out,True,valid
9,xXxJ2Ec7bXPHOX7cB55crhB0QZT,-2.004311448760263,-0.017560304649217415,0.0016531053557759152,True,65,completed,4461892,slurm-4457323.out,True,valid
9,xXxvJcpLlG6yPvCMnWXccChhazU,-inf,-inf,inf,True,65,completed,4461893,slurm-4457323.out,False,runtime_invalid
9,xXx2Op7SKbl7QE1XVbbA1xzc5wU,-999999.0,0.0,inf,True,65,completed,4461894,slurm-4457323.out,False,runtime_invalid
9,xXxUSRJzrzAFv81Vkt8FVB0lWlp,-395.9037857737152,-9.284517404289184,0.21021343768793158,True,65,completed,4461895,slurm-4457323.out,True,valid
9,xXxLPtxNnnTazeH8TPFcyTYSbxf,-inf,-inf,inf,True,65,completed,4461896,slurm-4457323.out,False,runtime_invalid
9,xXxNzQ50pWCRevs0ph2EaIaaQX3,732.2335299084524,52.70742093609927,0.32191488881353286,True,65,completed,4461897,slurm-4457323.out,True,valid
9,xXxe1e3Dd8yzVMLyryT6aFCtaj7,50.67652643312384,5.957502034147577,0.06847351424982771,True,65,completed,4461898,slurm-4457323.out,True,valid
9,xXxiviKOTKf8AOgLQStbWxJw2Bm,462.5217135068953,33.902414885447314,0.21552658420205115,True,65,completed,4461899,slurm-4457323.out,True,valid
9,xXxbvlQF2UjZDelPNPdnii3BsD0,-inf,-inf,inf,True,65,completed,4461900,slurm-4457323.out,False,runtime_invalid
9,xXxfGmFygs9OrF4mbFBEpYvDQuj,-inf,-inf,inf,True,65,completed,4461901,slurm-4457323.out,False,runtime_invalid
9,xXxvENFXvpJiwHiHglPAlqCNukn,-inf,-inf,inf,True,65,completed,4461902,slurm-4457323.out,False,runtime_invalid
9,xXx1aZgnwUEMokXTZ7bAssDM7Vf,659.3303149577575,47.553372855253386,0.29173714214731006,True,65,completed,4461903,slurm-4457323.out,True,valid
9,xXx1ltLGrcDthqA1PWoIy9CQAeo,-inf,-inf,inf,True,65,completed,4461904,slurm-4457323.out,False,runtime_invalid
9,xXx4NCUQUaNrdgU7iXUbEyZuCdh,457.50097495423927,42.00579319368551,0.3826148889194709,True,65,completed,4461905,slurm-4457323.out,True,valid
9,xXxMljViqpin6ik7fmByi1CIsZG,4.064486988847907,1.8059736018031678,0.03205498504721545,True,65,completed,4461906,slurm-4457323.out,True,valid
9,xXxU8zlbuNn1wO0ZLiDokXrzgRW,-inf,-inf,inf,True,90,completed,4461281,slurm-4457323.out,False,runtime_invalid
9,xXxAS0kYNG6tQtKGm3i46ufPnVk,-inf,-inf,inf,True,65,completed,4461907,slurm-4457323.out,False,runtime_invalid
9,xXxOPz8i0bnhR5pEgNmAMk96hHE,473.46914810883953,33.23351733846526,0.1912011986604659,True,721,completed,4448192,slurm-4457323.out,True,valid
9,xXxYKVwGxqELLCHjbCillSpYw8u,670.2034098898396,44.89287273443004,0.22765404479876156,True,721,completed,4448194,slurm-4457323.out,True,valid
9,xXxc55dwASBVXnywni3E4zDh0sF,876.8274723626821,55.252031173408774,0.2282131511054933,True,270,completed,4457999,slurm-4457323.out,True,valid
9,xXxRgqL82sh12fWLIU14siaFnXE,123.05792612667649,14.128308215479592,0.15950823818291537,True,450,completed,4454175,slurm-4457323.out,True,valid
9,xXxfwTyTkylhN9LMVranJW9jlTm,919.5449098757086,62.79641694634846,0.3363834290512605,True,508,completed,4452710,slurm-4457323.out,True,valid
9,xXx1un5MOYt3WdnD3kJDQcRm6kM,151.17575553532393,13.679241659141931,0.12240907764751466,True,508,completed,4452697,slurm-4457323.out,True,valid
9,xXxheYhh2i3ZV38q9l2rUC1Tq6T,9.471896304658904,6.504741146238675,0.1206229266201146,True,508,completed,4452709,slurm-4457323.out,True,valid
9,xXxwx05b80MJ1Xj6UC7Mk75AL9u,875.4550553138743,58.97035768066489,0.3039520982994232,True,860,completed,4446811,slurm-4457323.out,True,valid
9,xXxZOLclqbph67QfZCm2hZmgCo6,1453.4010570072965,89.93584676295949,0.3453158782518934,True,620,completed,4449868,slurm-4457323.out,True,valid
9,xXxId5nz3FpBVdn4ZsE02D4LmzI,581.6039762629899,39.16706832485686,0.20173739023414675,True,860,completed,4446806,slurm-4457323.out,True,valid
9,xXxpSBStndE8XlK0QjTNHod8U8S,270.0101317025579,22.059812035017398,0.17118610899779013,True,540,completed,4451707,slurm-4457323.out,True,valid
9,xXx2n3jlGz2IixL6A5aDv9i3CNF,489.03977383418913,35.56462903134848,0.22225280679278075,True,860,completed,4446822,slurm-4457323.out,True,valid
9,xXxmhdCImGXbbuol8Np4PYhmySj,890.1848036837931,62.65673348043663,0.3629498659249395,True,721,completed,4448196,slurm-4457323.out,True,valid
9,xXxTLhRThCcTAVzBOwaR81wDmV8,831.6628737034798,62.042995993466185,0.40919704616584357,True,721,completed,4448205,slurm-4457323.out,True,valid
9,xXxyC4v9ItM7hh2Ew9v1slKTTSi,367.7137999451346,28.885006759022815,0.2099863352353219,True,221,completed,4458860,slurm-4457323.out,True,valid
9,xXxeAlUMVM9e9r6AnGWboVQmA2l,314.87980462555754,26.928223168463614,0.22368465874371468,True,860,completed,4446817,slurm-4457323.out,True,valid
9,xXxnOAYNY7Xwrfzr7soAZdSD0pQ,875.6924820275237,57.30783855460213,0.27046428906451914,True,270,completed,4457998,slurm-4457323.out,True,valid
9,xXxZIfQIHlTMglYPs9L4tHV5lt0,846.5042527489506,57.514345364962466,0.30378265455029907,True,540,completed,4451709,slurm-4457323.out,True,valid
9,xXxYxS91ZdUVbrJkeS3Pd1t7sKN,855.9600806305774,54.74256183202207,0.23889115600986405,True,721,completed,4448198,slurm-4457323.out,True,valid
9,xXxOFn163liaCS6Olr2igz6mCwM,806.6892794381989,57.549351779931115,0.34429775616042313,True,860,completed,4446827,slurm-4457323.out,True,valid
9,xXxUSUoxFQ8YyQXi8s0JkyhR66L,566.0712670884257,40.02720744819928,0.2344728818755597,True,540,completed,4451701,slurm-4457323.out,True,valid
9,xXxjOH38bl0QwZU7tCi3JJAEICx,755.0856824254148,49.81807452407897,0.24127580805616455,True,860,completed,4446821,slurm-4457323.out,True,valid
9,xXxAl9pHUTa6ku9ZoiZ8dvLiWjz,808.0707417930656,53.134606972668294,0.2546213976603002,True,620,completed,4449862,slurm-4457323.out,True,valid
9,xXxH01J6RjRxSB8U9Aib8Si23FE,793.4123452665973,56.74360568514438,0.34145976843629033,True,860,completed,4446823,slurm-4457323.out,True,valid
9,xXxbzpDVVRL47EKjyCakb9iQTE4,816.2910888036918,54.808982294477595,0.27988855708586047,True,860,completed,4446826,slurm-4457323.out,True,valid
9,xXxKnip6SV70aYnB23OVFRBINtT,714.3095293450226,48.0244674496309,0.24617981964759528,True,860,completed,4446816,slurm-4457323.out,True,valid
9,xXxO2s2T9DOAv4P30rU7qx42yC8,657.3192520158422,45.27569293767707,0.24819460673769936,True,540,completed,4451706,slurm-4457323.out,True,valid
9,xXxkGik6OKEx692HYYl6pGDzO9Q,781.2594662054147,55.1320873773293,0.3213822813411709,True,670,completed,4448794,slurm-4457323.out,True,valid
9,xXxD8NA3fyH7DMh25q5BvgfRDnq,625.8983129878243,43.93763959725478,0.2528544789572712,True,540,completed,4451704,slurm-4457323.out,True,valid
9,xXxaSluXhlBWfUCI4kS42N4MTrE,492.7960129358632,36.935547004967525,0.24591492716348728,True,508,completed,4452693,slurm-4457323.out,True,valid
9,xXxiR8yzvrqiD0BP775ubSCKuYz,724.33061968748,49.49007455388481,0.2654708713902161,True,450,completed,4454184,slurm-4457323.out,True,valid
9,xXx2kvUnIzwVl15FvkSnKwj0AS2,708.1869519566842,48.499669973411166,0.2618064475115388,True,620,completed,4449860,slurm-4457323.out,True,valid
9,xXxLKWbQx7lS8clAAUv3SyOLXbt,691.2375137973729,48.00549511594773,0.2688723885215819,True,620,completed,4449857,slurm-4457323.out,True,valid
9,xXxhQPjNeJ27aM21w37O1lFzzQA,771.7027495394057,52.88905920288325,0.28607843451825904,True,508,completed,4452698,slurm-4457323.out,True,valid
9,xXxqu7httWQYkWWCbK0u5xY4biH,744.3399169294112,51.40487672473279,0.2837576175652444,True,508,completed,4452700,slurm-4457323.out,True,valid
9,xXx3uIfqLhkXz8J2olC93SrxuRT,744.9599605427755,51.297622341423654,0.28099248628569773,True,860,completed,4446831,slurm-4457323.out,True,valid
9,xXxzJqkEcvf2kGea60hiR8CNSzN,635.7592371655829,45.04704259822011,0.26518161479881963,True,450,completed,4454179,slurm-4457323.out,True,valid
9,xXx103IkfgahlyLZ6ch91zhYWld,734.9221364155458,51.699138345142934,0.299060630487313,True,860,completed,4446812,slurm-4457323.out,True,valid
9,xXxGGgEJrM4yG13KGJaBl7CXYkL,430.50482560448984,34.282112840936364,0.2551374312142376,True,508,completed,4452702,slurm-4457323.out,True,valid
10,xXx5Jvr5ZQF9BhElgySxvyvhgJz,1364.8919491765398,82.55863188418246,0.2862806885071098,True,22,completed,4463280,slurm-4457323.out,True,valid
10,xXxDcah6Mub0jEWRFZxvC72voku,-inf,-inf,inf,True,22,completed,4463281,slurm-4457323.out,False,runtime_invalid
10,xXxMX5AA5u4g8JTxw9JOVJySqbz,417.23151519088316,37.46047155933654,0.3319779159958474,True,22,completed,4463282,slurm-4457323.out,True,valid
10,xXxTdOgkiSH0D4Qx6AndKz5YPLs,-inf,-inf,inf,True,22,completed,4463283,slurm-4457323.out,False,runtime_invalid
10,xXx2EW19VcpJETKiFYft1UeC8mZ,-inf,-inf,inf,True,22,completed,4463284,slurm-4457323.out,False,runtime_invalid
10,xXxf3Kf2YUTQmJl2Fm5PJQSkF6l,-inf,-inf,inf,True,22,completed,4463285,slurm-4457323.out,False,runtime_invalid
10,xXxsDtxfwHGzeChTDx1BimtFmUP,-inf,-inf,inf,True,22,completed,4463286,slurm-4457323.out,False,runtime_invalid
10,xXxe1e3Dd8yzVMLyryT6aFCtaj7,50.67652643312384,5.957502034147577,0.06847351424982771,True,91,completed,4461898,slurm-4457323.out,True,valid
10,xXxR4lQL89ZeqnaLaNAfwnlnnWQ,-inf,-inf,inf,True,22,completed,4463287,slurm-4457323.out,False,runtime_invalid
10,xXx658NZWVFtMaFJ0yf2Z92cmRC,-inf,-inf,inf,True,22,completed,4463288,slurm-4457323.out,False,runtime_invalid
10,xXxUSRJzrzAFv81Vkt8FVB0lWlp,-395.9037857737152,-9.284517404289184,0.21021343768793158,True,91,completed,4461895,slurm-4457323.out,True,valid
10,xXxGGgEJrM4yG13KGJaBl7CXYkL,430.50482560448984,34.282112840936364,0.2551374312142376,True,534,completed,4452702,slurm-4457323.out,True,valid
10,xXxivXF6MaXu5dP6fHJLu76BQ7S,371.2552617723107,26.558595944972904,0.15991665712714748,True,566,completed,4451705,slurm-4457323.out,True,valid
10,xXxJyP5JoIz3CJbvXIApg1SLM60,-inf,-inf,inf,True,22,completed,4463290,slurm-4457323.out,False,runtime_invalid
10,xXxekRTff1rWaNClPuO0G06sa5d,645.3836207620092,47.71802822485213,0.30897694373503326,True,22,completed,4463291,slurm-4457323.out,True,valid
10,xXxfmrHR2ZlR0sBDjihMX7ZND2O,-inf,-inf,inf,True,22,completed,4463292,slurm-4457323.out,False,runtime_invalid
10,xXxqHXu3gBj5mdCOwi7DYwsu14C,-inf,-inf,inf,True,22,completed,4463293,slurm-4457323.out,False,runtime_invalid
10,xXx7jZdGB0CLVqeQSZVbi8zNW62,-inf,-inf,inf,True,22,completed,4463294,slurm-4457323.out,False,runtime_invalid
10,xXxEtvJliGpcwjUBu96cdzbHVeA,-inf,-inf,inf,True,26,completed,4463236,slurm-4457323.out,False,runtime_invalid
10,xXxutC1Z3tuseY4z6MtEN7UXfgp,-inf,-inf,inf,True,26,completed,4463237,slurm-4457323.out,False,runtime_invalid
10,xXxr5d6j52jeQcIwYQx9LswgDCh,-inf,-inf,inf,True,22,completed,4463295,slurm-4457323.out,False,runtime_invalid
10,xXxxtEQeZXE5jdX2WjIgi7FRUiz,-inf,-inf,inf,True,22,completed,4463296,slurm-4457323.out,False,runtime_invalid
10,xXxTal3ldMcn3IJoezP7PedCE8T,943.085412530518,67.00074485780954,0.3969294846256729,True,22,completed,4463297,slurm-4457323.out,True,valid
10,xXxYmkVCBvPqjvD1MpDtliUAlsN,814.1498842093037,56.19292053367876,0.3097085264642723,True,22,completed,4463298,slurm-4457323.out,True,valid
10,xXxpc5dMykACWQnnqXpROue1qCh,286.92838602420034,32.455221411511346,0.3621760422060266,True,22,completed,4463299,slurm-4457323.out,True,valid
10,xXxNEaLENF8caZE75Ab1O8hCsQ2,-inf,-inf,inf,True,22,completed,4463300,slurm-4457323.out,False,runtime_invalid
10,xXxgz8yD4jSDC61viDL2ve8LRlx,-inf,-inf,inf,True,26,completed,4463240,slurm-4457323.out,False,runtime_invalid
10,xXxu3PTbLQfWiUwWiMweaEpLBf0,-inf,-inf,inf,True,22,completed,4463301,slurm-4457323.out,False,runtime_invalid
10,xXx5Y2Oq7XEjHUnggJjcodWaoW2,-inf,-inf,inf,True,22,completed,4463302,slurm-4457323.out,False,runtime_invalid
10,xXxFhAzb57HvGetFj6siHZV4usy,-inf,-inf,inf,True,22,completed,4463303,slurm-4457323.out,False,runtime_invalid
10,xXxmTAOx5uiKYxXlPRdKsKTzAqf,-inf,-inf,inf,True,22,completed,4463304,slurm-4457323.out,False,runtime_invalid
10,xXxmh9HNIy4uYmss8i2HL6hIO5R,915.8335396264338,58.56932711720181,0.25555300271760206,True,534,completed,4452689,slurm-4457323.out,True,valid
10,xXxJ2Ec7bXPHOX7cB55crhB0QZT,-2.004311448760263,-0.017560304649217415,0.0016531053557759152,True,91,completed,4461892,slurm-4457323.out,True,valid
10,xXxMljViqpin6ik7fmByi1CIsZG,4.064486988847907,1.8059736018031678,0.03205498504721545,True,91,completed,4461906,slurm-4457323.out,True,valid
10,xXxOPz8i0bnhR5pEgNmAMk96hHE,473.46914810883953,33.23351733846526,0.1912011986604659,True,746,completed,4448192,slurm-4457323.out,True,valid
10,xXxYKVwGxqELLCHjbCillSpYw8u,670.2034098898396,44.89287273443004,0.22765404479876156,True,746,completed,4448194,slurm-4457323.out,True,valid
10,xXxc55dwASBVXnywni3E4zDh0sF,876.8274723626821,55.252031173408774,0.2282131511054933,True,296,completed,4457999,slurm-4457323.out,True,valid
10,xXxRgqL82sh12fWLIU14siaFnXE,123.05792612667649,14.128308215479592,0.15950823818291537,True,475,completed,4454175,slurm-4457323.out,True,valid
10,xXxfwTyTkylhN9LMVranJW9jlTm,919.5449098757086,62.79641694634846,0.3363834290512605,True,534,completed,4452710,slurm-4457323.out,True,valid
10,xXx1un5MOYt3WdnD3kJDQcRm6kM,151.17575553532393,13.679241659141931,0.12240907764751466,True,534,completed,4452697,slurm-4457323.out,True,valid
10,xXxheYhh2i3ZV38q9l2rUC1Tq6T,9.471896304658904,6.504741146238675,0.1206229266201146,True,534,completed,4452709,slurm-4457323.out,True,valid
10,xXxwx05b80MJ1Xj6UC7Mk75AL9u,875.4550553138743,58.97035768066489,0.3039520982994232,True,885,completed,4446811,slurm-4457323.out,True,valid
10,xXxZOLclqbph67QfZCm2hZmgCo6,1453.4010570072965,89.93584676295949,0.3453158782518934,True,645,completed,4449868,slurm-4457323.out,True,valid
10,xXxId5nz3FpBVdn4ZsE02D4LmzI,581.6039762629899,39.16706832485686,0.20173739023414675,True,885,completed,4446806,slurm-4457323.out,True,valid
10,xXxpSBStndE8XlK0QjTNHod8U8S,270.0101317025579,22.059812035017398,0.17118610899779013,True,566,completed,4451707,slurm-4457323.out,True,valid
10,xXxX6BQsGfAgHrQZ8yYzHnEFFxP,-96.07826319297672,0.8500716745816685,0.11307969668461011,True,591,completed,4450840,slurm-4457323.out,True,valid
10,xXxiviKOTKf8AOgLQStbWxJw2Bm,462.5217135068953,33.902414885447314,0.21552658420205115,True,91,completed,4461899,slurm-4457323.out,True,valid
10,xXx2n3jlGz2IixL6A5aDv9i3CNF,489.03977383418913,35.56462903134848,0.22225280679278075,True,885,completed,4446822,slurm-4457323.out,True,valid
10,xXxmhdCImGXbbuol8Np4PYhmySj,890.1848036837931,62.65673348043663,0.3629498659249395,True,746,completed,4448196,slurm-4457323.out,True,valid
10,xXxyC4v9ItM7hh2Ew9v1slKTTSi,367.7137999451346,28.885006759022815,0.2099863352353219,True,247,completed,4458860,slurm-4457323.out,True,valid
10,xXxTLhRThCcTAVzBOwaR81wDmV8,831.6628737034798,62.042995993466185,0.40919704616584357,True,746,completed,4448205,slurm-4457323.out,True,valid
10,xXxnOAYNY7Xwrfzr7soAZdSD0pQ,875.6924820275237,57.30783855460213,0.27046428906451914,True,296,completed,4457998,slurm-4457323.out,True,valid
10,xXxZIfQIHlTMglYPs9L4tHV5lt0,846.5042527489506,57.514345364962466,0.30378265455029907,True,566,completed,4451709,slurm-4457323.out,True,valid
10,xXxYxS91ZdUVbrJkeS3Pd1t7sKN,855.9600806305774,54.74256183202207,0.23889115600986405,True,746,completed,4448198,slurm-4457323.out,True,valid
10,xXxeAlUMVM9e9r6AnGWboVQmA2l,314.87980462555754,26.928223168463614,0.22368465874371468,True,885,completed,4446817,slurm-4457323.out,True,valid
10,xXxXYRwXWIf0KXha2jeUHlAAVij,635.284059567228,43.239262600661725,0.22950119244600647,True,475,completed,4454183,slurm-4457323.out,True,valid
10,xXxOFn163liaCS6Olr2igz6mCwM,806.6892794381989,57.549351779931115,0.34429775616042313,True,885,completed,4446827,slurm-4457323.out,True,valid
10,xXxUSUoxFQ8YyQXi8s0JkyhR66L,566.0712670884257,40.02720744819928,0.2344728818755597,True,566,completed,4451701,slurm-4457323.out,True,valid
10,xXxjOH38bl0QwZU7tCi3JJAEICx,755.0856824254148,49.81807452407897,0.24127580805616455,True,885,completed,4446821,slurm-4457323.out,True,valid
10,xXxAl9pHUTa6ku9ZoiZ8dvLiWjz,808.0707417930656,53.134606972668294,0.2546213976603002,True,645,completed,4449862,slurm-4457323.out,True,valid
10,xXxH01J6RjRxSB8U9Aib8Si23FE,793.4123452665973,56.74360568514438,0.34145976843629033,True,885,completed,4446823,slurm-4457323.out,True,valid
10,xXxbzpDVVRL47EKjyCakb9iQTE4,816.2910888036918,54.808982294477595,0.27988855708586047,True,885,completed,4446826,slurm-4457323.out,True,valid
10,xXxKnip6SV70aYnB23OVFRBINtT,714.3095293450226,48.0244674496309,0.24617981964759528,True,885,completed,4446816,slurm-4457323.out,True,valid
10,xXxO2s2T9DOAv4P30rU7qx42yC8,657.3192520158422,45.27569293767707,0.24819460673769936,True,566,completed,4451706,slurm-4457323.out,True,valid
10,xXxkGik6OKEx692HYYl6pGDzO9Q,781.2594662054147,55.1320873773293,0.3213822813411709,True,696,completed,4448794,slurm-4457323.out,True,valid
10,xXxD8NA3fyH7DMh25q5BvgfRDnq,625.8983129878243,43.93763959725478,0.2528544789572712,True,566,completed,4451704,slurm-4457323.out,True,valid
10,xXxaSluXhlBWfUCI4kS42N4MTrE,492.7960129358632,36.935547004967525,0.24591492716348728,True,534,completed,4452693,slurm-4457323.out,True,valid
10,xXxjiURjBpPAgPxoNolp7zDc59l,785.0485441032664,53.110998700083485,0.27717142989840354,True,534,completed,4452701,slurm-4457323.out,True,valid
10,xXxiR8yzvrqiD0BP775ubSCKuYz,724.33061968748,49.49007455388481,0.2654708713902161,True,475,completed,4454184,slurm-4457323.out,True,valid
10,xXx2kvUnIzwVl15FvkSnKwj0AS2,708.1869519566842,48.499669973411166,0.2618064475115388,True,645,completed,4449860,slurm-4457323.out,True,valid
10,xXxhQPjNeJ27aM21w37O1lFzzQA,771.7027495394057,52.88905920288325,0.28607843451825904,True,534,completed,4452698,slurm-4457323.out,True,valid
10,xXxqu7httWQYkWWCbK0u5xY4biH,744.3399169294112,51.40487672473279,0.2837576175652444,True,534,completed,4452700,slurm-4457323.out,True,valid
11,xXxY5L9B01hGpyIlUhXXXFrHITF,741.1627129967937,54.029827622718436,0.3394338394575752,True,27,completed,4463912,slurm-4457323.out,True,valid
11,xXxFerfko1mrvrHw0uzO2LvH188,5.524648977529592,0.6419738190995921,0.007314827404462267,True,27,completed,4463913,slurm-4457323.out,True,valid
11,xXxIvvyiP3t11uhpfNBJek4PjBt,-999999.0,0.0,inf,True,27,completed,4463914,slurm-4457323.out,False,runtime_invalid
11,xXx15R1cZZFNLMTuQn1SV295HOQ,-1.0216033140334986,0.5376625075187289,0.01177485346440808,True,27,completed,4463915,slurm-4457323.out,True,valid
11,xXxKIawQ5CZmOAhc1VCKyDcqsEo,-inf,-inf,inf,True,27,completed,4463916,slurm-4457323.out,False,runtime_invalid
11,xXxPyiXMrWJFGCx0QTufjhn4I9A,823.8011259212053,54.77099923965003,0.27161885887179527,True,27,completed,4463917,slurm-4457323.out,True,valid
11,xXxYHSl9PpijuBiCNzCV95oAYxY,-inf,-inf,inf,True,27,completed,4463918,slurm-4457323.out,False,runtime_invalid
11,xXxqu7httWQYkWWCbK0u5xY4biH,-inf,-inf,inf,False,20,completed,None,slurm-4457323.out,False,submission_failed
11,xXxvSPRqKmL5FMgiyw1abF1s6co,604.0537409270278,43.389752243971934,0.2637413039524108,True,27,completed,4463920,slurm-4457323.out,True,valid
11,xXxvulylJHIHAZ4D4wJILbkLce3,8.70414844353876,1.6090409504398504,0.023476670565258245,True,27,completed,4463921,slurm-4457323.out,True,valid
11,xXxYKVwGxqELLCHjbCillSpYw8u,670.2034098898396,44.89287273443004,0.22765404479876156,True,783,completed,4448194,slurm-4457323.out,True,valid
11,xXxvjPhN6OGCEmagAkJQ0gA63K1,-inf,-inf,inf,True,27,completed,4463922,slurm-4457323.out,False,runtime_invalid
11,xXxjXCI1dQrjpIDKW7HsZuc1Gfe,-inf,-inf,inf,True,27,completed,4463923,slurm-4457323.out,False,runtime_invalid
11,xXx5f2WwNlEnKxtznMpJnwgzFvG,498.9924373788559,34.919303983307785,0.19939364228729972,True,27,completed,4463924,slurm-4457323.out,True,valid
11,xXxetL0eFSTmK1yszqxkdiOfkHJ,-inf,-inf,inf,True,27,completed,4463925,slurm-4457323.out,False,runtime_invalid
11,xXxocGpgKlpuKfxwFVzpMUp3rQN,-inf,-inf,inf,True,27,completed,4463926,slurm-4457323.out,False,runtime_invalid
11,xXx29gTBMp0xdw2GFyVOEWTKJFB,-283.51970893632046,3.589760250075071,0.355314913937822,True,27,completed,4463927,slurm-4457323.out,True,valid
11,xXxGGgEJrM4yG13KGJaBl7CXYkL,-inf,-inf,inf,False,20,completed,None,slurm-4457323.out,False,submission_failed
11,xXxgqSTClTjdQyBFrgnns3V01BN,797.0752259772208,52.33149636551241,0.24955470133302735,True,27,completed,4463928,slurm-4457323.out,True,valid
11,xXxirfKM0sV3dv8CGDIISaae2ym,1051.4117783934003,69.56510007344716,0.3398902230755426,True,27,completed,4463929,slurm-4457323.out,True,valid
11,xXxBaABlf9GOJnu65f4qxphFp8T,-inf,-inf,inf,True,27,completed,4463930,slurm-4457323.out,False,runtime_invalid
11,xXxZ1XPfxph3qY6iYTKBIX3bUZ8,-inf,-inf,inf,True,27,completed,4463931,slurm-4457323.out,False,runtime_invalid
11,xXxKnip6SV70aYnB23OVFRBINtT,714.3095293450226,48.0244674496309,0.24617981964759528,True,922,completed,4446816,slurm-4457323.out,True,valid
11,xXxUSRJzrzAFv81Vkt8FVB0lWlp,-395.9037857737152,-9.284517404289184,0.21021343768793158,True,128,completed,4461895,slurm-4457323.out,True,valid
11,xXxF8l02LKZUUt5OCJAOOjJJJx4,-999999.0,0.0,inf,True,27,completed,4463932,slurm-4457323.out,False,runtime_invalid
11,xXxIfif8477jTYtA1KWCbVQk0dU,611.8246839344206,43.743219283938785,0.26303970174435526,True,27,completed,4463933,slurm-4457323.out,True,valid
11,xXxJjMTX9gsOsy8Bk2JRunQdUtC,741.3981257136204,54.73192586321729,0.3532403915507253,True,27,completed,4463934,slurm-4457323.out,True,valid
11,xXx1fuc4ilabD4NUrmfMWdriJR0,208.43434330141994,17.06823088467847,0.1329302743921493,True,27,completed,4463935,slurm-4457323.out,True,valid
11,xXxv05oOXmZX53VuuccGPEMohZ6,-inf,-inf,inf,True,27,completed,4463936,slurm-4457323.out,False,runtime_invalid
11,xXxlw0XHzyEixGfjzF4nsOWVkxB,-inf,-inf,inf,True,27,completed,4463937,slurm-4457323.out,False,runtime_invalid
11,xXxRp4ccrrcXSy07PfkD9rHXip5,662.9221885561685,45.49916159776842,0.24706104339919985,True,27,completed,4463938,slurm-4457323.out,True,valid
11,xXxOBvAzuP54FazctaI5EVRsgSu,794.6100078654056,54.636052389454804,0.29811103992369026,True,27,completed,4463939,slurm-4457323.out,True,valid
11,xXx5Jvr5ZQF9BhElgySxvyvhgJz,1364.8919491765398,82.55863188418246,0.2862806885071098,True,58,completed,4463280,slurm-4457323.out,True,valid
11,xXxe1e3Dd8yzVMLyryT6aFCtaj7,50.67652643312384,5.957502034147577,0.06847351424982771,True,128,completed,4461898,slurm-4457323.out,True,valid
11,xXxivXF6MaXu5dP6fHJLu76BQ7S,371.2552617723107,26.558595944972904,0.15991665712714748,True,602,completed,4451705,slurm-4457323.out,True,valid
11,xXxmh9HNIy4uYmss8i2HL6hIO5R,915.8335396264338,58.56932711720181,0.25555300271760206,True,570,completed,4452689,slurm-4457323.out,True,valid
11,xXxJ2Ec7bXPHOX7cB55crhB0QZT,-2.004311448760263,-0.017560304649217415,0.0016531053557759152,True,128,completed,4461892,slurm-4457323.out,True,valid
11,xXxMljViqpin6ik7fmByi1CIsZG,4.064486988847907,1.8059736018031678,0.03205498504721545,True,128,completed,4461906,slurm-4457323.out,True,valid
11,xXxOPz8i0bnhR5pEgNmAMk96hHE,473.46914810883953,33.23351733846526,0.1912011986604659,True,783,completed,4448192,slurm-4457323.out,True,valid
11,xXxc55dwASBVXnywni3E4zDh0sF,876.8274723626821,55.252031173408774,0.2282131511054933,True,333,completed,4457999,slurm-4457323.out,True,valid
11,xXxRgqL82sh12fWLIU14siaFnXE,123.05792612667649,14.128308215479592,0.15950823818291537,True,512,completed,4454175,slurm-4457323.out,True,valid
11,xXx1un5MOYt3WdnD3kJDQcRm6kM,151.17575553532393,13.679241659141931,0.12240907764751466,True,570,completed,4452697,slurm-4457323.out,True,valid
11,xXxheYhh2i3ZV38q9l2rUC1Tq6T,9.471896304658904,6.504741146238675,0.1206229266201146,True,570,completed,4452709,slurm-4457323.out,True,valid
11,xXxZOLclqbph67QfZCm2hZmgCo6,1453.4010570072965,89.93584676295949,0.3453158782518934,True,682,completed,4449868,slurm-4457323.out,True,valid
11,xXxId5nz3FpBVdn4ZsE02D4LmzI,581.6039762629899,39.16706832485686,0.20173739023414675,True,922,completed,4446806,slurm-4457323.out,True,valid
11,xXxpSBStndE8XlK0QjTNHod8U8S,270.0101317025579,22.059812035017398,0.17118610899779013,True,602,completed,4451707,slurm-4457323.out,True,valid
11,xXxX6BQsGfAgHrQZ8yYzHnEFFxP,-96.07826319297672,0.8500716745816685,0.11307969668461011,True,628,completed,4450840,slurm-4457323.out,True,valid
11,xXxiviKOTKf8AOgLQStbWxJw2Bm,462.5217135068953,33.902414885447314,0.21552658420205115,True,128,completed,4461899,slurm-4457323.out,True,valid
11,xXx2n3jlGz2IixL6A5aDv9i3CNF,489.03977383418913,35.56462903134848,0.22225280679278075,True,922,completed,4446822,slurm-4457323.out,True,valid
11,xXxfwTyTkylhN9LMVranJW9jlTm,919.5449098757086,62.79641694634846,0.3363834290512605,True,570,completed,4452710,slurm-4457323.out,True,valid
11,xXxwx05b80MJ1Xj6UC7Mk75AL9u,875.4550553138743,58.97035768066489,0.3039520982994232,True,922,completed,4446811,slurm-4457323.out,True,valid
11,xXxyC4v9ItM7hh2Ew9v1slKTTSi,367.7137999451346,28.885006759022815,0.2099863352353219,True,283,completed,4458860,slurm-4457323.out,True,valid
11,xXxnOAYNY7Xwrfzr7soAZdSD0pQ,875.6924820275237,57.30783855460213,0.27046428906451914,True,333,completed,4457998,slurm-4457323.out,True,valid
11,xXxTal3ldMcn3IJoezP7PedCE8T,943.085412530518,67.00074485780954,0.3969294846256729,True,58,completed,4463297,slurm-4457323.out,True,valid
11,xXxYxS91ZdUVbrJkeS3Pd1t7sKN,855.9600806305774,54.74256183202207,0.23889115600986405,True,783,completed,4448198,slurm-4457323.out,True,valid
11,xXxeAlUMVM9e9r6AnGWboVQmA2l,314.87980462555754,26.928223168463614,0.22368465874371468,True,922,completed,4446817,slurm-4457323.out,True,valid
11,xXxmhdCImGXbbuol8Np4PYhmySj,890.1848036837931,62.65673348043663,0.3629498659249395,True,783,completed,4448196,slurm-4457323.out,True,valid
11,xXxTLhRThCcTAVzBOwaR81wDmV8,831.6628737034798,62.042995993466185,0.40919704616584357,True,783,completed,4448205,slurm-4457323.out,True,valid
11,xXxXYRwXWIf0KXha2jeUHlAAVij,635.284059567228,43.239262600661725,0.22950119244600647,True,512,completed,4454183,slurm-4457323.out,True,valid
11,xXxZIfQIHlTMglYPs9L4tHV5lt0,846.5042527489506,57.514345364962466,0.30378265455029907,True,602,completed,4451709,slurm-4457323.out,True,valid
11,xXxUSUoxFQ8YyQXi8s0JkyhR66L,566.0712670884257,40.02720744819928,0.2344728818755597,True,602,completed,4451701,slurm-4457323.out,True,valid
11,xXxjOH38bl0QwZU7tCi3JJAEICx,755.0856824254148,49.81807452407897,0.24127580805616455,True,922,completed,4446821,slurm-4457323.out,True,valid
11,xXxAl9pHUTa6ku9ZoiZ8dvLiWjz,808.0707417930656,53.134606972668294,0.2546213976603002,True,682,completed,4449862,slurm-4457323.out,True,valid
11,xXxOFn163liaCS6Olr2igz6mCwM,806.6892794381989,57.549351779931115,0.34429775616042313,True,922,completed,4446827,slurm-4457323.out,True,valid
11,xXxbzpDVVRL47EKjyCakb9iQTE4,816.2910888036918,54.808982294477595,0.27988855708586047,True,922,completed,4446826,slurm-4457323.out,True,valid
11,xXxYmkVCBvPqjvD1MpDtliUAlsN,814.1498842093037,56.19292053367876,0.3097085264642723,True,58,completed,4463298,slurm-4457323.out,True,valid
11,xXxO2s2T9DOAv4P30rU7qx42yC8,657.3192520158422,45.27569293767707,0.24819460673769936,True,602,completed,4451706,slurm-4457323.out,True,valid
11,xXxH01J6RjRxSB8U9Aib8Si23FE,793.4123452665973,56.74360568514438,0.34145976843629033,True,922,completed,4446823,slurm-4457323.out,True,valid
11,xXxD8NA3fyH7DMh25q5BvgfRDnq,625.8983129878243,43.93763959725478,0.2528544789572712,True,602,completed,4451704,slurm-4457323.out,True,valid
11,xXxjiURjBpPAgPxoNolp7zDc59l,785.0485441032664,53.110998700083485,0.27717142989840354,True,570,completed,4452701,slurm-4457323.out,True,valid
11,xXxiR8yzvrqiD0BP775ubSCKuYz,724.33061968748,49.49007455388481,0.2654708713902161,True,512,completed,4454184,slurm-4457323.out,True,valid
11,xXx2kvUnIzwVl15FvkSnKwj0AS2,708.1869519566842,48.499669973411166,0.2618064475115388,True,682,completed,4449860,slurm-4457323.out,True,valid
11,xXxaSluXhlBWfUCI4kS42N4MTrE,492.7960129358632,36.935547004967525,0.24591492716348728,True,570,completed,4452693,slurm-4457323.out,True,valid
12,xXxTreWDxilbkqFEbHpkKoKdL3b,721.5403505731481,50.771370530166266,0.2938870600301773,True,26,completed,4464344,slurm-4457323.out,True,valid
12,xXxrmKQvo8ZECIkfTW0ZxO0TKNi,1461.4392809301667,92.70037002660357,0.3925681196019054,True,22,completed,4464471,slurm-4457323.out,True,valid
12,xXxiWvl0z0MDJkA43nCU2AFzylc,-inf,-inf,inf,True,22,completed,4464472,slurm-4457323.out,False,runtime_invalid
12,xXxGhQhJdC67nMjDNL5EhnyFlL1,-inf,-inf,inf,True,22,completed,4464473,slurm-4457323.out,False,runtime_invalid
12,xXxiviKOTKf8AOgLQStbWxJw2Bm,462.5217135068953,33.902414885447314,0.21552658420205115,True,153,completed,4461899,slurm-4457323.out,True,valid
12,xXxjOH38bl0QwZU7tCi3JJAEICx,755.0856824254148,49.81807452407897,0.24127580805616455,True,948,completed,4446821,slurm-4457323.out,True,valid
12,xXxjiURjBpPAgPxoNolp7zDc59l,785.0485441032664,53.110998700083485,0.27717142989840354,True,596,completed,4452701,slurm-4457323.out,True,valid
12,xXx5YGIHTQfk4QnjjLviQP6nFxJ,602.1143912802428,39.421610040846176,0.1863178095366806,True,22,completed,4464474,slurm-4457323.out,True,valid
12,xXxIZB18WbnhEaLWXvlKvlW3AiS,556.5971094985473,45.37166676462968,0.35083622579404616,True,22,completed,4464475,slurm-4457323.out,True,valid
12,xXxz9V3eSGpWbJ5FUexhJtFc9Va,756.965832699113,49.04684914313603,0.2239711501636077,True,22,completed,4464476,slurm-4457323.out,True,valid
12,xXx7mo2Y2r6RTZuaF1y7qR4Osrp,-inf,-inf,inf,True,26,completed,4464348,slurm-4457323.out,False,runtime_invalid
12,xXx7sUYg4HtjIvbyNEoZGP05TKG,-inf,-inf,inf,True,22,completed,4464477,slurm-4457323.out,False,runtime_invalid
12,xXxirfKM0sV3dv8CGDIISaae2ym,1051.4117783934003,69.56510007344716,0.3398902230755426,True,52,completed,4463929,slurm-4457323.out,True,valid
12,xXxcwFrxgwF7KP8yicv6F6JOyof,-inf,-inf,inf,True,22,completed,4464479,slurm-4457323.out,False,runtime_invalid
12,xXxg4RXCLDsVjbPTsepaRFWiptI,-inf,-inf,inf,True,22,completed,4464480,slurm-4457323.out,False,runtime_invalid
12,xXxTLhRThCcTAVzBOwaR81wDmV8,831.6628737034798,62.042995993466185,0.40919704616584357,True,809,completed,4448205,slurm-4457323.out,True,valid
12,xXx2kvUnIzwVl15FvkSnKwj0AS2,708.1869519566842,48.499669973411166,0.2618064475115388,True,707,completed,4449860,slurm-4457323.out,True,valid
12,xXx3uf4zT5zcJXCzLTFVUH0oNhk,-inf,-inf,inf,True,22,completed,4464481,slurm-4457323.out,False,runtime_invalid
12,xXxNzApwvXbHXN57HhrYtPBltWn,-inf,-inf,inf,True,22,completed,4464482,slurm-4457323.out,False,runtime_invalid
12,xXxYtzvmn7xLNo85TWM6S5CVAdl,-11.391391676959591,0.012806274178810098,0.011647517160535789,True,22,completed,4464483,slurm-4457323.out,True,valid
12,xXxpODMVXEy4PeqnwA41ctyTBFO,-inf,-inf,inf,True,22,completed,4464484,slurm-4457323.out,False,runtime_invalid
12,xXxP78V3JYZpzZb70Of9jVBhZUR,-inf,-inf,inf,True,22,completed,4464485,slurm-4457323.out,False,runtime_invalid
12,xXx6hnW31yPC1SstQzx8WCO7mIp,-inf,-inf,inf,True,22,completed,4464486,slurm-4457323.out,False,runtime_invalid
12,xXxJZOsr9kPDD6y6el89Ch4lVp0,460.9284575173523,33.562367556662686,0.2103188936159015,True,22,completed,4464487,slurm-4457323.out,True,valid
12,xXxd20wjdyK5tZhA0ItjK5g4BA0,-inf,-inf,inf,True,22,completed,4464488,slurm-4457323.out,False,runtime_invalid
12,xXx0A197IL6cksxrWvPhHH3wr89,-inf,-inf,inf,True,26,completed,4464353,slurm-4457323.out,False,runtime_invalid
12,xXxAlLyyDs3fJOR42Fmcg7k9aeB,-inf,-inf,inf,True,22,completed,4464489,slurm-4457323.out,False,runtime_invalid
12,xXxX6lmbFIJoW3ncFrFco3bVZG0,-999999.0,0.0,inf,True,22,completed,4464490,slurm-4457323.out,False,runtime_invalid
12,xXxeOzrN73EQhT5n443rwtiT8XT,-inf,-inf,inf,True,22,completed,4464491,slurm-4457323.out,False,runtime_invalid
12,xXxIPgYDRWXw4BpsuEOIWv4AHWD,-999999.0,0.0,inf,True,22,completed,4464492,slurm-4457323.out,False,runtime_invalid
12,xXxNbkRHdMIneIJHM82ytRjnJ9Y,-inf,-inf,inf,True,26,completed,4464354,slurm-4457323.out,False,runtime_invalid
12,xXx71YglplHFUbQHqIgNWqmZtmB,-inf,-inf,inf,True,22,completed,4464493,slurm-4457323.out,False,runtime_invalid
12,xXxFerfko1mrvrHw0uzO2LvH188,5.524648977529592,0.6419738190995921,0.007314827404462267,True,52,completed,4463913,slurm-4457323.out,True,valid
12,xXxvulylJHIHAZ4D4wJILbkLce3,8.70414844353876,1.6090409504398504,0.023476670565258245,True,52,completed,4463921,slurm-4457323.out,True,valid
12,xXxYKVwGxqELLCHjbCillSpYw8u,670.2034098898396,44.89287273443004,0.22765404479876156,True,809,completed,4448194,slurm-4457323.out,True,valid
12,xXx5f2WwNlEnKxtznMpJnwgzFvG,498.9924373788559,34.919303983307785,0.19939364228729972,True,52,completed,4463924,slurm-4457323.out,True,valid
12,xXx1fuc4ilabD4NUrmfMWdriJR0,208.43434330141994,17.06823088467847,0.1329302743921493,True,52,completed,4463935,slurm-4457323.out,True,valid
12,xXx5Jvr5ZQF9BhElgySxvyvhgJz,1364.8919491765398,82.55863188418246,0.2862806885071098,True,84,completed,4463280,slurm-4457323.out,True,valid
12,xXxe1e3Dd8yzVMLyryT6aFCtaj7,50.67652643312384,5.957502034147577,0.06847351424982771,True,153,completed,4461898,slurm-4457323.out,True,valid
12,xXxivXF6MaXu5dP6fHJLu76BQ7S,371.2552617723107,26.558595944972904,0.15991665712714748,True,628,completed,4451705,slurm-4457323.out,True,valid
12,xXxmh9HNIy4uYmss8i2HL6hIO5R,915.8335396264338,58.56932711720181,0.25555300271760206,True,596,completed,4452689,slurm-4457323.out,True,valid
12,xXxJ2Ec7bXPHOX7cB55crhB0QZT,-2.004311448760263,-0.017560304649217415,0.0016531053557759152,True,153,completed,4461892,slurm-4457323.out,True,valid
12,xXxMljViqpin6ik7fmByi1CIsZG,4.064486988847907,1.8059736018031678,0.03205498504721545,True,153,completed,4461906,slurm-4457323.out,True,valid
12,xXxOPz8i0bnhR5pEgNmAMk96hHE,473.46914810883953,33.23351733846526,0.1912011986604659,True,809,completed,4448192,slurm-4457323.out,True,valid
12,xXxc55dwASBVXnywni3E4zDh0sF,876.8274723626821,55.252031173408774,0.2282131511054933,True,358,completed,4457999,slurm-4457323.out,True,valid
12,xXx1un5MOYt3WdnD3kJDQcRm6kM,151.17575553532393,13.679241659141931,0.12240907764751466,True,596,completed,4452697,slurm-4457323.out,True,valid
12,xXxheYhh2i3ZV38q9l2rUC1Tq6T,9.471896304658904,6.504741146238675,0.1206229266201146,True,596,completed,4452709,slurm-4457323.out,True,valid
12,xXxZOLclqbph67QfZCm2hZmgCo6,1453.4010570072965,89.93584676295949,0.3453158782518934,True,707,completed,4449868,slurm-4457323.out,True,valid
12,xXxId5nz3FpBVdn4ZsE02D4LmzI,581.6039762629899,39.16706832485686,0.20173739023414675,True,948,completed,4446806,slurm-4457323.out,True,valid
12,xXx15R1cZZFNLMTuQn1SV295HOQ,-1.0216033140334986,0.5376625075187289,0.01177485346440808,True,52,completed,4463915,slurm-4457323.out,True,valid
12,xXxRgqL82sh12fWLIU14siaFnXE,123.05792612667649,14.128308215479592,0.15950823818291537,True,538,completed,4454175,slurm-4457323.out,True,valid
12,xXxpSBStndE8XlK0QjTNHod8U8S,270.0101317025579,22.059812035017398,0.17118610899779013,True,628,completed,4451707,slurm-4457323.out,True,valid
12,xXx2n3jlGz2IixL6A5aDv9i3CNF,489.03977383418913,35.56462903134848,0.22225280679278075,True,948,completed,4446822,slurm-4457323.out,True,valid
12,xXxX6BQsGfAgHrQZ8yYzHnEFFxP,-96.07826319297672,0.8500716745816685,0.11307969668461011,True,653,completed,4450840,slurm-4457323.out,True,valid
12,xXxfwTyTkylhN9LMVranJW9jlTm,919.5449098757086,62.79641694634846,0.3363834290512605,True,596,completed,4452710,slurm-4457323.out,True,valid
12,xXxwx05b80MJ1Xj6UC7Mk75AL9u,875.4550553138743,58.97035768066489,0.3039520982994232,True,948,completed,4446811,slurm-4457323.out,True,valid
12,xXxnOAYNY7Xwrfzr7soAZdSD0pQ,875.6924820275237,57.30783855460213,0.27046428906451914,True,358,completed,4457998,slurm-4457323.out,True,valid
12,xXxyC4v9ItM7hh2Ew9v1slKTTSi,367.7137999451346,28.885006759022815,0.2099863352353219,True,309,completed,4458860,slurm-4457323.out,True,valid
12,xXxYxS91ZdUVbrJkeS3Pd1t7sKN,855.9600806305774,54.74256183202207,0.23889115600986405,True,809,completed,4448198,slurm-4457323.out,True,valid
12,xXxTal3ldMcn3IJoezP7PedCE8T,943.085412530518,67.00074485780954,0.3969294846256729,True,84,completed,4463297,slurm-4457323.out,True,valid
12,xXxXYRwXWIf0KXha2jeUHlAAVij,635.284059567228,43.239262600661725,0.22950119244600647,True,538,completed,4454183,slurm-4457323.out,True,valid
12,xXxZIfQIHlTMglYPs9L4tHV5lt0,846.5042527489506,57.514345364962466,0.30378265455029907,True,628,completed,4451709,slurm-4457323.out,True,valid
12,xXxeAlUMVM9e9r6AnGWboVQmA2l,314.87980462555754,26.928223168463614,0.22368465874371468,True,948,completed,4446817,slurm-4457323.out,True,valid
12,xXxUSUoxFQ8YyQXi8s0JkyhR66L,566.0712670884257,40.02720744819928,0.2344728818755597,True,628,completed,4451701,slurm-4457323.out,True,valid
12,xXxmhdCImGXbbuol8Np4PYhmySj,890.1848036837931,62.65673348043663,0.3629498659249395,True,809,completed,4448196,slurm-4457323.out,True,valid
12,xXxgqSTClTjdQyBFrgnns3V01BN,797.0752259772208,52.33149636551241,0.24955470133302735,True,52,completed,4463928,slurm-4457323.out,True,valid
12,xXxAl9pHUTa6ku9ZoiZ8dvLiWjz,808.0707417930656,53.134606972668294,0.2546213976603002,True,707,completed,4449862,slurm-4457323.out,True,valid
12,xXxPyiXMrWJFGCx0QTufjhn4I9A,823.8011259212053,54.77099923965003,0.27161885887179527,True,52,completed,4463917,slurm-4457323.out,True,valid
12,xXxbzpDVVRL47EKjyCakb9iQTE4,816.2910888036918,54.808982294477595,0.27988855708586047,True,948,completed,4446826,slurm-4457323.out,True,valid
12,xXxKnip6SV70aYnB23OVFRBINtT,714.3095293450226,48.0244674496309,0.24617981964759528,True,948,completed,4446816,slurm-4457323.out,True,valid
12,xXxOFn163liaCS6Olr2igz6mCwM,806.6892794381989,57.549351779931115,0.34429775616042313,True,948,completed,4446827,slurm-4457323.out,True,valid
12,xXxYmkVCBvPqjvD1MpDtliUAlsN,814.1498842093037,56.19292053367876,0.3097085264642723,True,84,completed,4463298,slurm-4457323.out,True,valid
13,xXxUzaSp3RaNhvRYK2UZd3bojuB,-inf,-inf,inf,True,21,completed,4464866,slurm-4457323.out,False,runtime_invalid
13,xXxuZdSZLFOhNoaBUQzHhOVCyeH,-inf,-inf,inf,True,25,completed,4464804,slurm-4457323.out,False,runtime_invalid
13,xXx44b89OACsVTHJlFpHbNX0MeD,994.7668179144488,62.81260198881786,0.26148522186190826,True,21,completed,4464867,slurm-4457323.out,True,valid
13,xXx0Pqjw5P2Z9oXzXUGktbCPyXt,-inf,-inf,inf,True,21,completed,4464868,slurm-4457323.out,False,runtime_invalid
13,xXxz66QXmL3EGtv4wAmnJdHG2QH,-inf,-inf,inf,True,25,completed,4464805,slurm-4457323.out,False,runtime_invalid
13,xXxZHEJIDs5HaRthY7LTBU4Ch7R,-inf,-inf,inf,True,21,completed,4464870,slurm-4457323.out,False,runtime_invalid
13,xXxVJcelG1PSVC7KhSnEwptLbnW,-inf,-inf,inf,True,21,completed,4464871,slurm-4457323.out,False,runtime_invalid
13,xXx8cpnjDYmgjNhmMcKHnqaZwpN,-999999.0,0.0,inf,True,21,completed,4464872,slurm-4457323.out,False,runtime_invalid
13,xXx5wUo81D56KbvCWknPJniE1Ng,-inf,-inf,inf,True,21,completed,4464873,slurm-4457323.out,False,runtime_invalid
13,xXxqhDgoKyu3EQRbYM1YgKJfdVy,-inf,-inf,inf,True,21,completed,4464874,slurm-4457323.out,False,runtime_invalid
13,xXxYmkVCBvPqjvD1MpDtliUAlsN,814.1498842093037,56.19292053367876,0.3097085264642723,True,109,completed,4463298,slurm-4457323.out,True,valid
13,xXxjotR3JcAxApCA01W9hb26FVb,-inf,-inf,inf,True,21,completed,4464875,slurm-4457323.out,False,runtime_invalid
13,xXxixL454UUXhpDfcOLH9xOLcdH,863.5648753662784,64.61084190529577,0.4286519627396367,True,21,completed,4464876,slurm-4457323.out,True,valid
13,xXx4kN43iaVT1qDbuRm4nrGG34l,-0.14816421560004245,-0.007366694674441654,8.30322111208659e-07,True,21,completed,4464877,slurm-4457323.out,True,valid
13,xXxqFNWOBYzX9uHg4kN9NXw3xD5,-inf,-inf,inf,True,21,completed,4464878,slurm-4457323.out,False,runtime_invalid
13,xXxUpKLcZGvIEA483tNVSLMQgtW,-inf,-inf,inf,True,21,completed,4464879,slurm-4457323.out,False,runtime_invalid
13,xXxyOcF6cOjKTadfpk6QbKdxI2K,-inf,-inf,inf,True,21,completed,4464880,slurm-4457323.out,False,runtime_invalid
13,xXxhuhszCW54aJWlVZo3AO2XVra,-inf,-inf,inf,True,21,completed,4464881,slurm-4457323.out,False,runtime_invalid
13,xXxUSUoxFQ8YyQXi8s0JkyhR66L,566.0712670884257,40.02720744819928,0.2344728818755597,True,653,completed,4451701,slurm-4457323.out,True,valid
13,xXxZZQfkw144arjOdlvyXezHZIW,-inf,-inf,inf,True,21,completed,4464882,slurm-4457323.out,False,runtime_invalid
13,xXx3WhD1DxfQgEdEuiLVUe1wsMH,-inf,-inf,inf,True,21,completed,4464883,slurm-4457323.out,False,runtime_invalid
13,xXxeev4B5aS0GoUeBSfA8Ebo3ub,-inf,-inf,inf,True,21,completed,4464884,slurm-4457323.out,False,runtime_invalid
13,xXxTLhRThCcTAVzBOwaR81wDmV8,-inf,-inf,inf,False,14,completed,None,slurm-4457323.out,False,submission_failed
13,xXxMM12gKbhQ3PGv17itzO7UfHS,258.5685132673409,17.456775263105182,0.09056699199476279,True,21,completed,4464886,slurm-4457323.out,True,valid
13,xXxUeTou9XfhojS2vzkNMdPJCJB,1269.981869176359,85.35383194004548,0.43709476962455085,True,21,completed,4464887,slurm-4457323.out,True,valid
13,xXxhW4xVMuEsf7TTxSqnmSObU8z,-inf,-inf,inf,True,21,completed,4464888,slurm-4457323.out,False,runtime_invalid
13,xXxhMvxelNnfki8d7IsXbZBjv3M,-inf,-inf,inf,True,21,completed,4464889,slurm-4457323.out,False,runtime_invalid
13,xXxdvhes3JbwFiemuNBDMG8QVHZ,-inf,-inf,inf,True,25,completed,4464810,slurm-4457323.out,False,runtime_invalid
13,xXx93aFL5DpqiMn2sI55xwbwo6G,-inf,-inf,inf,True,21,completed,4464890,slurm-4457323.out,False,runtime_invalid
13,xXxbWKhUUSTqU7DPaQp1ssu8CJh,-inf,-inf,inf,True,21,completed,4464891,slurm-4457323.out,False,runtime_invalid
13,xXxheYhh2i3ZV38q9l2rUC1Tq6T,9.471896304658904,6.504741146238675,0.1206229266201146,True,621,completed,4452709,slurm-4457323.out,True,valid
13,xXxiRfdWPpobtwQDMxfL7mGxTrV,-5.385367612801519,0.05177271053346211,0.00642082182347076,True,21,completed,4464893,slurm-4457323.out,True,valid
13,xXxrmKQvo8ZECIkfTW0ZxO0TKNi,1461.4392809301667,92.70037002660357,0.3925681196019054,True,47,completed,4464471,slurm-4457323.out,True,valid
13,xXx5YGIHTQfk4QnjjLviQP6nFxJ,602.1143912802428,39.421610040846176,0.1863178095366806,True,47,completed,4464474,slurm-4457323.out,True,valid
13,xXxz9V3eSGpWbJ5FUexhJtFc9Va,756.965832699113,49.04684914313603,0.2239711501636077,True,47,completed,4464476,slurm-4457323.out,True,valid
13,xXxFerfko1mrvrHw0uzO2LvH188,5.524648977529592,0.6419738190995921,0.007314827404462267,True,77,completed,4463913,slurm-4457323.out,True,valid
13,xXxvulylJHIHAZ4D4wJILbkLce3,8.70414844353876,1.6090409504398504,0.023476670565258245,True,77,completed,4463921,slurm-4457323.out,True,valid
13,xXx1fuc4ilabD4NUrmfMWdriJR0,208.43434330141994,17.06823088467847,0.1329302743921493,True,77,completed,4463935,slurm-4457323.out,True,valid
13,xXx5Jvr5ZQF9BhElgySxvyvhgJz,1364.8919491765398,82.55863188418246,0.2862806885071098,True,109,completed,4463280,slurm-4457323.out,True,valid
13,xXxe1e3Dd8yzVMLyryT6aFCtaj7,50.67652643312384,5.957502034147577,0.06847351424982771,True,178,completed,4461898,slurm-4457323.out,True,valid
13,xXxivXF6MaXu5dP6fHJLu76BQ7S,371.2552617723107,26.558595944972904,0.15991665712714748,True,653,completed,4451705,slurm-4457323.out,True,valid
13,xXxmh9HNIy4uYmss8i2HL6hIO5R,915.8335396264338,58.56932711720181,0.25555300271760206,True,621,completed,4452689,slurm-4457323.out,True,valid
13,xXxJ2Ec7bXPHOX7cB55crhB0QZT,-2.004311448760263,-0.017560304649217415,0.0016531053557759152,True,178,completed,4461892,slurm-4457323.out,True,valid
13,xXxMljViqpin6ik7fmByi1CIsZG,4.064486988847907,1.8059736018031678,0.03205498504721545,True,178,completed,4461906,slurm-4457323.out,True,valid
13,xXxc55dwASBVXnywni3E4zDh0sF,876.8274723626821,55.252031173408774,0.2282131511054933,True,383,completed,4457999,slurm-4457323.out,True,valid
13,xXx1un5MOYt3WdnD3kJDQcRm6kM,151.17575553532393,13.679241659141931,0.12240907764751466,True,621,completed,4452697,slurm-4457323.out,True,valid
13,xXxZOLclqbph67QfZCm2hZmgCo6,1453.4010570072965,89.93584676295949,0.3453158782518934,True,733,completed,4449868,slurm-4457323.out,True,valid
13,xXxRgqL82sh12fWLIU14siaFnXE,123.05792612667649,14.128308215479592,0.15950823818291537,True,563,completed,4454175,slurm-4457323.out,True,valid
13,xXxpSBStndE8XlK0QjTNHod8U8S,270.0101317025579,22.059812035017398,0.17118610899779013,True,653,completed,4451707,slurm-4457323.out,True,valid
13,xXxYtzvmn7xLNo85TWM6S5CVAdl,-11.391391676959591,0.012806274178810098,0.011647517160535789,True,47,completed,4464483,slurm-4457323.out,True,valid
13,xXx15R1cZZFNLMTuQn1SV295HOQ,-1.0216033140334986,0.5376625075187289,0.01177485346440808,True,77,completed,4463915,slurm-4457323.out,True,valid
13,xXxYKVwGxqELLCHjbCillSpYw8u,670.2034098898396,44.89287273443004,0.22765404479876156,True,834,completed,4448194,slurm-4457323.out,True,valid
13,xXxX6BQsGfAgHrQZ8yYzHnEFFxP,-96.07826319297672,0.8500716745816685,0.11307969668461011,True,678,completed,4450840,slurm-4457323.out,True,valid
13,xXx5f2WwNlEnKxtznMpJnwgzFvG,498.9924373788559,34.919303983307785,0.19939364228729972,True,77,completed,4463924,slurm-4457323.out,True,valid
13,xXxOPz8i0bnhR5pEgNmAMk96hHE,473.46914810883953,33.23351733846526,0.1912011986604659,True,834,completed,4448192,slurm-4457323.out,True,valid
13,xXxId5nz3FpBVdn4ZsE02D4LmzI,581.6039762629899,39.16706832485686,0.20173739023414675,True,973,completed,4446806,slurm-4457323.out,True,valid
13,xXxnOAYNY7Xwrfzr7soAZdSD0pQ,875.6924820275237,57.30783855460213,0.27046428906451914,True,383,completed,4457998,slurm-4457323.out,True,valid
13,xXxirfKM0sV3dv8CGDIISaae2ym,1051.4117783934003,69.56510007344716,0.3398902230755426,True,77,completed,4463929,slurm-4457323.out,True,valid
13,xXxfwTyTkylhN9LMVranJW9jlTm,919.5449098757086,62.79641694634846,0.3363834290512605,True,621,completed,4452710,slurm-4457323.out,True,valid
13,xXxwx05b80MJ1Xj6UC7Mk75AL9u,875.4550553138743,58.97035768066489,0.3039520982994232,True,973,completed,4446811,slurm-4457323.out,True,valid
13,xXxYxS91ZdUVbrJkeS3Pd1t7sKN,855.9600806305774,54.74256183202207,0.23889115600986405,True,834,completed,4448198,slurm-4457323.out,True,valid
13,xXx2n3jlGz2IixL6A5aDv9i3CNF,489.03977383418913,35.56462903134848,0.22225280679278075,True,973,completed,4446822,slurm-4457323.out,True,valid
13,xXxiviKOTKf8AOgLQStbWxJw2Bm,462.5217135068953,33.902414885447314,0.21552658420205115,True,178,completed,4461899,slurm-4457323.out,True,valid
13,xXxJZOsr9kPDD6y6el89Ch4lVp0,460.9284575173523,33.562367556662686,0.2103188936159015,True,47,completed,4464487,slurm-4457323.out,True,valid
13,xXxjOH38bl0QwZU7tCi3JJAEICx,755.0856824254148,49.81807452407897,0.24127580805616455,True,973,completed,4446821,slurm-4457323.out,True,valid
13,xXxZIfQIHlTMglYPs9L4tHV5lt0,846.5042527489506,57.514345364962466,0.30378265455029907,True,653,completed,4451709,slurm-4457323.out,True,valid
13,xXxgqSTClTjdQyBFrgnns3V01BN,797.0752259772208,52.33149636551241,0.24955470133302735,True,77,completed,4463928,slurm-4457323.out,True,valid
13,xXxAl9pHUTa6ku9ZoiZ8dvLiWjz,808.0707417930656,53.134606972668294,0.2546213976603002,True,733,completed,4449862,slurm-4457323.out,True,valid
13,xXxyC4v9ItM7hh2Ew9v1slKTTSi,367.7137999451346,28.885006759022815,0.2099863352353219,True,334,completed,4458860,slurm-4457323.out,True,valid
13,xXxXYRwXWIf0KXha2jeUHlAAVij,635.284059567228,43.239262600661725,0.22950119244600647,True,563,completed,4454183,slurm-4457323.out,True,valid
13,xXxTal3ldMcn3IJoezP7PedCE8T,943.085412530518,67.00074485780954,0.3969294846256729,True,109,completed,4463297,slurm-4457323.out,True,valid
13,xXxmhdCImGXbbuol8Np4PYhmySj,890.1848036837931,62.65673348043663,0.3629498659249395,True,834,completed,4448196,slurm-4457323.out,True,valid
13,xXxPyiXMrWJFGCx0QTufjhn4I9A,823.8011259212053,54.77099923965003,0.27161885887179527,True,77,completed,4463917,slurm-4457323.out,True,valid
13,xXxbzpDVVRL47EKjyCakb9iQTE4,816.2910888036918,54.808982294477595,0.27988855708586047,True,973,completed,4446826,slurm-4457323.out,True,valid
